,Unnamed: 0,ticker,ep,roa,sector,price,currency,roa_place,ep_place,total_place
681,1115,VALE,51.91859346964577,105.2710129974628,Basic Materials,17.425,USD,109,4,113
1037,1663,AN,12.869769557046032,339.5046691027203,Consumer Cyclical,111.12,USD,32,91,123
174,285,ASO,14.057037658298576,207.78887415342305,Consumer Cyclical,35.62,USD,55,75,130
1034,1657,NRG,12.76252608682128,220.1038961038961,Utilities,39.09,USD,51,92,143
742,1214,ZIM,38.07026777333297,89.38170019720876,Industrials,72.7525,USD,133,11,144
1086,1737,FESH.ME,15.428611921726525,119.2172094412907,Industrials,29.36,RUB,95,56,151
142,230,LPX,28.83794807595548,89.207258834766,Industrials,68.89,USD,134,18,152
803,1309,RNFT.ME,12.91982847040663,188.92996838664735,Energy,157.0,RUB,62,90,152
234,387,LH,12.2322964391978,205.0182984910012,Healthcare,262.77,USD,57,98,155
228,378,HOLX,11.734308264021228,222.05054925426452,Healthcare,70.23,USD,49,106,155
855,1385,OLN,10.11482575485919,556.6001534919417,Basic Materials,52.59,USD,23,142,165
329,556,APAM,16.021725967744864,103.2447122911275,Financial Services,40.27,USD,113,53,166
895,1432,MATX,14.270925719986783,103.04846274101094,Industrials,88.995,USD,114,71,185
584,947,SWBI,43.21748744269503,64.84489973106706,Industrials,17.3,USD,185,5,190
974,1557,PATK,9.529334226524435,290.6648825727864,Consumer Cyclical,71.18,USD,39,156,195
561,909,MBUU,9.625493175085756,226.2572029014982,Consumer Cyclical,68.03,USD,47,151,198
414,708,HIBB,22.32216641612196,64.43897595302853,Consumer Cyclical,54.55,USD,187,25,212
493,818,CCSI,20.27116858027292,63.66783287002293,Technology,57.595,USD,190,30,220
388,665,TSN,11.030446320950087,115.84778420038536,Consumer Defensive,94.375,USD,99,124,223
14,26,WHR,10.532448359980318,135.84117032392896,Consumer Cyclical,202.42,USD,88,135,223
595,969,GPI,14.430591477090582,70.97379875394726,Consumer Cyclical,177.93,USD,161,69,230
2,4,WGO,15.102299805400964,68.82463289425395,Consumer Cyclical,68.41,USD,167,65,232
12,20,QDEL,29.693981263996,56.24372040669008,Healthcare,95.39,USD,220,17,237
956,1529,THO,11.078151430121592,99.85067501085702,Consumer Cyclical,95.455,USD,118,121,239
204,341,FLGT,39.932139744127845,53.17278954468212,Healthcare,65.53,USD,235,7,242
836,1358,VSCO,7.154233465486367,3847.058823529412,Consumer Cyclical,60.45,USD,6,245,251
160,256,UGI,9.76778060580544,111.54306220095694,Utilities,38.17,USD,103,148,251
484,804,SLVM,9.812770987024283,110.43956043956044,Basic Materials,39.83,USD,104,147,251
280,472,SBH,9.961799938043963,105.75126522868482,Consumer Cyclical,18.795,USD,108,145,253
599,974,TASK,7.265785642527808,1352.706907280647,Technology,31.9,USD,12,241,253
674,1107,ABG,11.162287769477116,86.12608096252663,Consumer Cyclical,182.27,USD,136,120,256
626,1026,PRG,19.868186086270832,54.075905124343215,Industrials,37.3475,USD,230,31,261
351,605,REZI,8.84469151926413,129.2207792207792,Industrials,26.04,USD,91,174,265
786,1282,EPC,7.707054024354319,245.6140350877193,Consumer Defensive,37.09,USD,45,220,265
715,1161,ATKR,13.96685123136171,60.659803179409536,Industrials,107.185,USD,199,77,276
394,671,HEN3.DE,10.407650187243728,82.80986153326579,Consumer Defensive,73.18,EUR,141,137,278
470,777,DKS,17.415773692514673,53.5131171363464,Consumer Cyclical,109.54,USD,234,48,282
77,103,LOW,6.6110226684407625,821.5317011927182,Consumer Cyclical,227.24,USD,16,273,289
1029,1647,MMM,6.738800645341962,358.572710951526,Industrials,155.63,USD,29,263,292
384,660,AMG,8.339609790533311,114.17978208232446,Financial Services,147.99,USD,102,193,295
833,1353,STLA,8.21110596055571,116.3527397260274,Consumer Cyclical,19.605,USD,98,199,297
332,566,PHOR.ME,12.460777966563628,59.37166607933343,Basic Materials,6170.0,RUB,205,96,301
497,823,BLDR,10.819331925585466,67.9066626492998,Industrials,70.275,USD,174,128,302
499,825,NKHP.ME,18.205951020243678,45.09459527447087,Industrials,295.5,RUB,267,40,307
874,1423,PMSBP.ME,25.458952546972093,41.32714908901455,Utilities,135.4,RUB,288,22,310
421,721,WSM,10.109093891812156,68.7419682719401,Consumer Cyclical,149.9,USD,169,143,312
349,601,LEG,6.233496570149553,1173.752711496746,Consumer Cyclical,39.42,USD,13,300,313
140,228,NGVT,8.210615674327993,101.71842025927045,Basic Materials,66.105,USD,116,200,316
1047,1677,BBY,9.244044291715554,72.6054054054054,Consumer Cyclical,99.63,USD,157,165,322
1009,1616,FLWS,12.059874038828276,55.82468824700022,Consumer Cyclical,15.8,USD,223,100,323
704,1129,PAG,7.446063021824998,133.31542181622785,Consumer Cyclical,101.94,USD,89,234,323
737,1205,FBHS,6.481021573754791,283.30294347486324,Consumer Cyclical,91.56,USD,41,284,325
356,612,IAA,6.040900829174243,613.456090651558,Industrials,36.62,USD,21,311,332
410,699,VEC,6.903836025009766,151.81389896007468,Industrials,44.01,USD,74,258,332
27,47,CROX,9.208236748055567,68.94976860909104,Consumer Cyclical,96.93,USD,166,166,332
20,35,STX,5.852730294727512,1542.0168067226891,Technology,109.29,USD,11,325,336
991,1584,MRNA,11.393593932778373,55.99589464390819,Healthcare,151.81,USD,222,114,336
40,67,MUSA,7.2355528750245774,118.234912394549,Consumer Cyclical,178.915,USD,96,243,339
333,567,PII,7.4339750259068,107.27511490479318,Consumer Cyclical,126.045,USD,106,235,341
236,390,DPW.DE,7.207448066345225,114.98115577889448,Industrials,51.11,EUR,101,244,345
233,386,M,8.42584035360432,72.12007504690432,Consumer Cyclical,26.2499,USD,159,189,348
641,1053,ET,9.20303029575648,65.15926972729356,Energy,10.195,USD,181,167,348
145,235,NUE,15.421055557634803,40.4603971229096,Basic Materials,121.8192,USD,294,57,351
371,634,MED,9.322199239468812,61.647952767843606,Consumer Cyclical,189.725,USD,194,160,354
373,642,RRR,8.213845997477842,72.7820767518704,Consumer Cyclical,53.04,USD,156,198,354
230,383,AES,6.383729358387423,188.3461270062805,Utilities,21.725,USD,63,291,354
809,1316,AKRN.ME,9.8523344872704,58.13064983796691,Basic Materials,15810.0,RUB,210,146,356
1083,1731,PMSB.ME,14.307612065777889,41.32714908901455,Utilities,130.5,RUB,289,70,359
492,817,MRVI,8.255245551714301,70.38479689982252,Healthcare,32.235,USD,162,197,359
219,362,JHG,13.44913238941376,42.905606748269385,Financial Services,35.33,USD,279,82,361
312,532,STLD,17.923191084178384,35.862210445259365,Basic Materials,64.29,USD,320,44,364
179,294,ACH,14.07302391944813,41.15273732793353,Basic Materials,16.55,USD,291,74,365
569,920,TTLK.ME,21.514819750728456,33.831472117231144,Communication Services,0.615,RUB,340,27,367
193,319,SMG,6.549445886636347,128.87819962205808,Basic Materials,143.84,USD,92,279,371
1119,1797,MGY,10.687428020362304,50.06721895211104,Energy,20.3,USD,244,131,375
959,1533,RGR,16.180097164313175,35.4254406557678,Industrials,67.405,USD,324,52,376
369,632,STZ,5.879479581657332,206.78538748504255,Consumer Defensive,220.71,USD,56,321,377
327,554,SFM,7.612091173137604,76.45388147080496,Consumer Defensive,29.07,USD,153,225,378
32,53,MRK,6.316169717533435,141.3127413127413,Healthcare,77.5,USD,83,296,379
1013,1623,CE,8.553849398179718,61.1244019138756,Basic Materials,156.09,USD,197,184,381
368,631,VSTO,16.657530888901874,34.39340166659813,Consumer Cyclical,36.56,USD,333,51,384
34,55,MAS,5.669809574651989,275.4521963824289,Industrials,58.12,USD,42,353,395
662,1090,LYB,11.376501193985238,42.438993551650015,Basic Materials,102.675,USD,285,115,400
607,994,PVH,5.422116915985551,718.019801980198,Consumer Cyclical,100.45,USD,18,383,401
485,806,UHS,9.071529303487203,53.06765273759342,Healthcare,134.825,USD,236,170,406
109,162,ENPG.ME,17.097826952161107,32.378655411516434,Basic Materials,989.0,RUB,359,49,408
28,48,TRGP,5.255716600650088,4888.803088803089,Energy,63.315,USD,5,404,409
202,339,TPR,7.900985460486258,61.02964118564742,Consumer Cyclical,40.86,USD,198,212,410
172,278,DVN,9.31796865324603,49.57832002698751,Energy,55.34,USD,249,161,410
610,1003,KZOSP.ME,234.67937625073716,27.813613704642272,Basic Materials,25.0,RUB,413,1,414
779,1266,DOW,8.130545900240591,58.31704138155751,Basic Materials,62.52,USD,209,206,415
103,149,KTB,7.240841454761708,65.715853487096,Consumer Cyclical,48.67,USD,179,242,421
925,1484,FNKO,7.755245155775718,59.82008202143141,Consumer Cyclical,17.99,USD,204,219,423
900,1438,SCCO,9.313117823678477,46.51993996036057,Basic Materials,68.3773,USD,263,162,425
370,633,RUSP.ME,19.070431477829786,29.144971161533427,Industrials,0.747,RUB,391,34,425
875,1425,DDS,15.216170192616078,31.74103495233772,Consumer Cyclical,256.235,USD,365,61,426
18,33,PFE,5.726768459520975,136.60976677296318,Healthcare,49.93,USD,87,345,432
440,752,OC,9.301921743252892,44.85704896483733,Industrials,98.1459,USD,271,163,434
609,1002,TROW,11.250247694181434,35.71718853767086,Financial Services,145.49,USD,321,118,439
19,34,WIRE,23.532093339004824,27.65070508432134,Industrials,120.25,USD,415,24,439
759,1240,ALLE,4.855924032937179,13933.333333333334,Industrials,114.9,USD,2,451,453
720,1170,LMT,5.171393348723444,318.45313156788563,Industrials,388.03,USD,34,419,453
979,1563,USNA,11.28946179268968,34.04288272763201,Consumer Defensive,90.57,USD,338,116,454
668,1098,DG,5.102233918187974,301.8877766257583,Consumer Defensive,195.98,USD,36,426,462
1035,1659,CW,5.8985211263365,80.40223968111522,Industrials,139.62,USD,144,318,462
274,459,FL,13.513751187796167,30.07518796992481,Consumer Cyclical,44.455,USD,383,81,464
180,296,SELG.ME,13.358581823449445,29.84904763431384,Basic Materials,52.0,RUB,385,84,469
822,1334,CRSR,5.864470323050521,78.65863011720971,Technology,23.7454,USD,148,323,471
922,1478,TGT,6.359744770983886,65.8274485723058,Consumer Defensive,208.7,USD,178,294,472
358,616,MTOR,6.693676237449357,58.719646799117,Consumer Cyclical,25.0,USD,207,265,472
723,1177,BECN,6.566470161779425,61.25275009706225,Industrials,57.84,USD,196,277,473
409,698,KMI,5.83864266039485,79.71965933286018,Energy,17.23,USD,145,328,473
431,737,AMEZ.ME,28.63766615284991,24.832170281224155,Basic Materials,23.38,RUB,455,19,474
1072,1716,EYE,5.624974477684961,101.59692932538886,Consumer Cyclical,37.11,USD,117,358,475
490,813,BLD,5.296933661670749,148.3543867597931,Industrials,229.21,USD,79,398,477
524,871,R,5.4534369727961405,115.55679175116842,Industrials,80.7,USD,100,379,479
45,75,KZOS.ME,14.666366821533586,27.813613704642272,Basic Materials,88.6,RUB,412,68,480
166,271,GD,4.793849041178956,641.5094339622642,Industrials,213.7771,USD,20,461,481
525,872,LKQ,6.658027460700226,57.734139468844994,Consumer Cyclical,55.115,USD,212,270,482
26,46,CHRW,6.224584014778316,64.71562073114467,Industrials,89.55,USD,186,301,487
38,65,LAD,9.330789963399,34.75059324314407,Consumer Cyclical,321.5,USD,330,159,489
231,384,FMC,4.820143248074919,330.26438569206846,Basic Materials,118.47,USD,33,457,490
859,1391,FOX,16.875937841110144,25.47061083365348,Communication Services,38.905,USD,441,50,491
265,448,KAZTP.ME,39.0286249462034,23.577335375191424,Basic Materials,387.8,RUB,484,8,492
510,843,LCII,6.658956538640402,55.7610920081859,Consumer Cyclical,128.56,USD,224,269,493
705,1134,QRVO,7.788024805045087,42.54724348376028,Technology,134.15,USD,282,215,497
262,443,MRKP.ME,19.736114478594573,24.419867292410807,Utilities,0.2255,RUB,465,32,497
771,1256,TATNP.ME,38.57790519551696,23.41389250318743,Energy,456.6,RUB,490,10,500
1118,1796,FCX,9.06678372468506,34.25835992784793,Basic Materials,44.25,USD,335,171,506
292,493,AVNT,5.3511581506012575,99.83075435203097,Basic Materials,55.04,USD,119,393,512
259,440,TSM,60.32958239243318,22.586421140710517,Technology,122.47,USD,509,3,512
299,510,FUL,4.553328595081354,761.2737113131207,Basic Materials,71.19,USD,17,496,513
1126,1806,CF,5.581509445615975,76.65594855305467,Basic Materials,74.42,USD,152,363,515
765,1247,JNJ,4.526065043140661,1065.986696230599,Healthcare,167.04,USD,14,502,516
206,343,GMS,7.351988317058035,42.57375956247104,Industrials,53.08,USD,281,237,518
244,407,FE,4.521664454460515,889.6321070234114,Utilities,40.39,USD,15,503,518
993,1588,LSNGP.ME,33.60918788173067,22.777903755609465,Utilities,162.8,RUB,503,15,518
995,1590,MAT,4.959414715938697,146.93859537705404,Consumer Cyclical,25.58,USD,81,438,519
381,657,CSGS,5.074708359263502,133.29950438955177,Technology,59.43,USD,90,430,520
495,820,SPGI,4.559266558206966,398.1801637852593,Financial Services,385.35,USD,27,493,520
521,867,VRTS,6.947467180945864,44.9523324033712,Financial Services,261.18,USD,270,255,525
1026,1644,FNF,5.87201537614203,59.91980474198048,Financial Services,48.69,USD,203,322,525
154,247,FOXA,13.446608671991712,25.47061083365348,Communication Services,42.78,USD,442,83,525
99,142,CHE,4.386209863325155,6871.411363180085,Healthcare,473.76,USD,4,522,526
537,888,AEO,11.469463987129382,27.74041193324924,Consumer Cyclical,22.47,USD,414,113,527
1096,1757,BC,8.82189685050377,32.595185651353056,Consumer Cyclical,97.92,USD,354,176,530
729,1188,CRI,10.165924882315917,29.045316067963046,Consumer Cyclical,91.59,USD,392,141,533
612,1005,LSNG.ME,20.65111296237144,22.777903755609465,Utilities,7.92,RUB,504,29,533
1077,1723,BWXT,5.676041550700979,64.91478170896444,Industrials,44.76,USD,182,352,534
752,1227,EBS,11.287767886518289,27.19520127195201,Healthcare,44.475,USD,418,117,535
718,1168,HON,4.571745705548808,245.8604954367666,Industrials,188.85,USD,44,492,536
478,795,LOGI,8.022236043195909,35.12415294848014,Technology,80.91,USD,329,210,539
212,351,CLF,8.77044383488624,31.56859779155952,Basic Materials,20.12,USD,366,178,544
295,502,BWA,8.607745009607088,31.908155186064924,Consumer Cyclical,44.89,USD,363,182,545
451,772,GPK,4.684394209036455,168.67256637168143,Consumer Cyclical,19.015,USD,72,474,546
1005,1611,SWKS,6.493877230863244,45.80979414115248,Technology,140.2,USD,265,282,547
453,774,NFG,5.716708175838528,60.090192925141,Energy,61.07,USD,201,347,548
1,1,RH,8.053445786521555,33.768600497550054,Consumer Cyclical,426.45,USD,342,208,550
442,754,WWE,7.272888229926563,37.91606367583213,Communication Services,57.75,USD,310,240,550
936,1498,VIPS,35.69578223570223,21.09694414719008,Consumer Cyclical,10.26,USD,537,13,550
208,345,WY,9.613799882722764,28.46992329430763,Real Estate,41.7591,USD,399,152,551
1019,1632,EMR,4.535019328144342,214.70388019060587,Industrials,95.87,USD,53,499,552
1111,1782,CSCO,5.109916180106517,94.13383448553594,Technology,54.25,USD,127,425,552
1057,1691,TT,4.401143167920434,308.8750969743988,Industrials,152.63,USD,35,519,554
200,336,NUS,8.75748311302955,30.77012315376208,Consumer Defensive,54.135,USD,376,179,555
587,955,QIWI,6745.118078742962,19.89866209472492,Technology,7.7,USD,557,0,557
252,425,CR,5.855633877757303,53.609610933539074,Industrials,103.755,USD,233,324,557
567,916,SIG,11.514860497328709,25.20970737017353,Consumer Cyclical,78.935,USD,447,111,558
604,983,RS,11.848627055660122,24.942700706691284,Basic Materials,167.265,USD,454,105,559
1095,1756,MANT,6.81373676427584,39.6305884418635,Technology,81.05,USD,300,259,559
86,117,KNX,6.079637305430983,48.97328863605751,Industrials,54.34,USD,255,309,564
1050,1684,ITW,4.48455836571857,199.3258426966292,Industrials,220.08,USD,59,506,565
867,1405,TATN.ME,13.879287786442616,23.41389250318743,Energy,502.9,RUB,489,78,567
716,1165,WCC,5.649286712280042,57.64404552619734,Industrials,129.32,USD,213,354,567
184,304,ZWS,5.743295004003971,54.50391644908616,Utilities,35.02,USD,229,341,570
840,1362,REGN,10.3289615419117,26.327849889818665,Healthcare,630.46,USD,432,138,570
316,538,MSM,7.661426118196736,33.04682743216055,Industrials,79.34,USD,349,223,572
177,290,ETRN,6.9394711770701845,36.888224934585,Energy,7.685,USD,316,256,572
1054,1688,MRKS.ME,4.870376975386081,94.61382803059978,Utilities,0.304,RUB,125,450,575
197,330,KLSB.ME,8.154728843447279,31.11339689607736,Utilities,10.39,RUB,371,205,576
482,801,OSIS,5.7821058259269575,50.29604960679974,Technology,80.43,USD,242,335,577
1001,1604,NKNCP.ME,31.759652160102824,19.667395123224097,Basic Materials,104.94,RUB,561,16,577
563,911,BOOT,5.960409389366101,46.47578470893152,Consumer Cyclical,83.55,USD,264,315,579
183,302,PGTI,5.237461966986618,68.59173700577522,Industrials,19.08,USD,171,409,580
48,78,JBSS,9.58041654837674,26.561218475471133,Consumer Defensive,80.09,USD,429,154,583
325,552,1COV.DE,12.212757460623306,23.464583779156857,Basic Materials,54.74,EUR,488,99,587
1101,1765,NTAP,4.674214087785831,103.64963503649636,Technology,91.55,USD,112,476,588
1115,1790,KAZT.ME,11.90646326999924,23.577335375191424,Basic Materials,389.0,RUB,485,104,589
1122,1801,BAS.DE,9.70592438058444,25.56792650656548,Basic Materials,68.52,EUR,440,150,590
126,199,CON.DE,8.201203963261884,29.480541328647803,Consumer Cyclical,87.68,EUR,388,202,590
486,807,JBL,4.788071962890938,93.92656383890316,Technology,60.63,USD,128,463,591
187,307,FB,8.833482706067024,27.36578853788351,Communication Services,215.3981,USD,416,175,591
37,60,COIN,8.528291724252748,28.115111597391834,Technology,206.015,USD,407,185,592
496,821,HUBB,4.36202925008452,183.1372549019608,Industrials,184.55,USD,66,527,593
1108,1776,MRKC.ME,12.924792476127903,22.675272890691804,Utilities,0.372,RUB,505,88,593
1018,1631,FLO,4.893185674112368,76.99937106918239,Consumer Defensive,27.92,USD,150,445,595
5,8,UI,4.435443221904586,140.8809782072774,Technology,247.16,USD,84,513,597
446,766,QCOM,4.5946788277725314,104.4717182497332,Technology,168.64,USD,111,489,600
287,486,UFPI,10.939550639604684,23.60417425034007,Basic Materials,78.5,USD,481,125,606
181,299,ADUS,5.7453001925238585,45.07498314675036,Healthcare,75.678,USD,268,340,608
854,1384,HWM,4.229824427667459,178.8118811881188,Industrials,35.8,USD,68,540,608
909,1456,PLCE,5.010517928297309,67.85114569920407,Consumer Cyclical,69.58,USD,175,434,609
255,431,PPC,5.32435970246161,57.583824609162,Consumer Defensive,28.27,USD,214,395,609
937,1499,CORR,4.667421675558905,84.19815313893942,Real Estate,3.6765,USD,139,478,617
783,1273,JELD,5.9769768409627,38.72099125563136,Industrials,24.015,USD,306,312,618
139,227,HEI.DE,8.202288284028672,27.266094569711285,Basic Materials,67.56,EUR,417,201,618
425,727,KO,3.706481442544195,579.8422868408082,Consumer Defensive,60.713,USD,22,597,619
475,790,EMN,5.270054192734448,56.23200329082682,Basic Materials,123.505,USD,221,402,623
750,1225,LOPE,8.160710113455341,27.10532339700384,Consumer Defensive,79.27,USD,419,204,623
694,1237,AAN,18.198663689208423,18.695279217128128,Consumer Cyclical,21.46,USD,586,38,624
562,910,FDX,6.9708099638644185,31.17405681048564,Industrials,225.6106,USD,370,254,624
686,1123,AAN,18.30921641098541,18.695279217128128,Consumer Cyclical,21.2,USD,586,38,624
698,1237,AAN,18.198663689208423,18.695279217128128,Consumer Cyclical,21.46,USD,587,38,625
695,1237,AAN,18.198663689208423,18.695279217128128,Consumer Cyclical,21.46,USD,586,39,625
690,1123,AAN,18.30921641098541,18.695279217128128,Consumer Cyclical,21.2,USD,587,38,625
687,1123,AAN,18.30921641098541,18.695279217128128,Consumer Cyclical,21.2,USD,586,39,625
691,1123,AAN,18.30921641098541,18.695279217128128,Consumer Cyclical,21.2,USD,587,39,626
905,1448,G,5.030683523060964,62.37344166501764,Technology,45.08,USD,193,433,626
699,1237,AAN,18.198663689208423,18.695279217128128,Consumer Cyclical,21.46,USD,587,39,626
696,1237,AAN,18.198663689208423,18.695279217128128,Consumer Cyclical,21.46,USD,586,41,627
124,193,ROST,6.472494502879592,33.78381595085516,Consumer Cyclical,95.38,USD,341,286,627
688,1123,AAN,18.30921641098541,18.695279217128128,Consumer Cyclical,21.2,USD,586,41,627
697,1237,AAN,18.198663689208423,18.695279217128128,Consumer Cyclical,21.46,USD,586,42,628
692,1123,AAN,18.30921641098541,18.695279217128128,Consumer Cyclical,21.2,USD,587,41,628
700,1237,AAN,18.198663689208423,18.695279217128128,Consumer Cyclical,21.46,USD,587,41,628
689,1123,AAN,18.30921641098541,18.695279217128128,Consumer Cyclical,21.2,USD,586,42,628
978,1561,SAGE,35.770755025940424,17.4508645698171,Healthcare,35.91,USD,617,12,629
701,1237,AAN,18.198663689208423,18.695279217128128,Consumer Cyclical,21.46,USD,587,42,629
693,1123,AAN,18.30921641098541,18.695279217128128,Consumer Cyclical,21.2,USD,587,42,629
283,480,NWS,7.554134521325784,28.338391502276178,Communication Services,23.65,USD,402,228,630
489,812,HSIC,5.422938255982592,49.646902235505166,Healthcare,82.685,USD,248,382,630
8,14,OKE,5.392487710542426,49.83852888986435,Energy,62.43,USD,245,386,631
725,1182,CHEP.ME,3.555161893757163,1715.7549234135668,Industrials,314.0,RUB,10,623,633
726,1183,LEVI,11.594407483560714,21.816269815817577,Consumer Cyclical,22.65,USD,523,110,633
984,1574,CINF,8.485339812859063,25.223161387155383,Financial Services,128.14,USD,446,187,633
862,1399,LSTR,6.673590448608513,31.185661519354053,Industrials,153.99,USD,369,266,635
402,689,AA,7.125864303999059,29.403897592663352,Basic Materials,76.5,USD,389,246,635
125,195,AYI,6.111387985630511,34.518417874396135,Industrials,184.47,USD,331,305,636
741,1212,CNXC,4.474506418416581,94.53507393581152,Technology,206.55,USD,126,510,636
225,372,JLL,4.8066228971317,67.36862567226073,Real Estate,251.22,USD,176,460,636
1007,1613,AGCO,6.203677964316912,34.247227204509684,Industrials,131.93,USD,336,302,638
638,1047,NKNC.ME,13.992006796567123,19.667395123224097,Basic Materials,119.0,RUB,562,76,638
1011,1618,ANF,9.595607320738582,23.54281608769321,Consumer Cyclical,40.92,USD,486,153,639
36,59,BRC,6.370135749905699,33.62373767469947,Industrials,49.04,USD,346,293,639
345,594,INGR,8.278901607807503,25.26490066225165,Consumer Defensive,87.7,USD,444,195,639
661,1089,EXP,5.963988175150398,35.33974420905695,Basic Materials,143.76,USD,325,314,639
226,374,AJRD,5.578791089811772,42.80155642023346,Industrials,37.27,USD,280,364,644
50,81,WMT,5.193560009304188,54.50662285655612,Consumer Defensive,134.495,USD,228,416,644
1041,1669,MKSI,7.282033271175971,28.275387541992146,Technology,154.88,USD,405,239,644
770,1254,AIT,6.328750459239984,32.88519929469085,Industrials,99.23,USD,350,295,645
502,833,SONY,4.903869801158625,60.01508465113214,Technology,106.02,USD,202,444,646
586,950,NVST,3.874150603601157,160.1337233597994,Healthcare,49.05,USD,73,574,647
341,583,NMIH,10.191435173771806,22.59283957491225,Financial Services,26.745,USD,508,140,648
603,982,TKR,7.105100263985865,28.36068119467881,Industrials,68.6,USD,401,248,649
512,845,KLIC,11.716731411173386,20.789916501267207,Technology,53.97,USD,543,107,650
670,1101,DRI,3.657261512841096,222.73567467652492,Consumer Cyclical,148.28,USD,48,603,651
965,1542,ITGR,3.623550288847076,262.29302749506303,Healthcare,85.4575,USD,43,610,653
835,1357,KMAZ.ME,5.4780225850707565,43.0652199551834,Industrials,107.2,RUB,278,376,654
1089,1744,GPC,4.1736089280028565,105.02576439395352,Consumer Cyclical,129.96,USD,110,545,655
847,1374,DD,4.286665321174367,99.2627085758634,Basic Materials,82.16,USD,120,535,655
237,391,CNC,3.717161426891411,196.58119658119656,Healthcare,83.94,USD,60,596,656
218,360,LPRO,5.232511828467612,49.67729317426169,Financial Services,20.18,USD,247,410,657
399,682,SNA,8.39979489618516,24.37842165624392,Industrials,217.35,USD,466,191,657
843,1367,WLK,10.750367235074249,21.43433528343756,Basic Materials,110.3,USD,530,129,659
1123,1802,ASGN,4.904127926353348,56.98870342269432,Technology,110.93,USD,216,443,659
794,1292,TNL,4.40922210265804,80.49853372434018,Consumer Cyclical,61.92,USD,143,518,661
138,226,INTC,8.367171013595378,24.1560373684556,Technology,48.125,USD,469,192,661
377,648,EME,6.079828547526215,32.602204325689584,Industrials,116.82,USD,353,308,661
190,310,CARR,4.256323977516904,97.34879867439932,Industrials,45.37,USD,123,538,661
564,912,WAT,3.848320555538794,138.69239443678737,Healthcare,315.82,USD,85,578,663
1052,1686,EXPD,7.827751782310963,25.09984808232759,Industrials,107.38,USD,449,214,663
188,308,WDC,6.377097176098467,30.9641329384666,Technology,57.03,USD,374,292,666
902,1443,UNP,4.420187810377447,78.20020053475936,Industrials,254.06,USD,149,517,666
829,1345,LRCX,5.477169526411979,40.97963359464467,Technology,594.0,USD,293,377,670
118,184,AMAT,5.526117134028813,39.38785477831443,Technology,138.16,USD,302,368,670
480,798,LGIH,15.163755513727342,17.726473902168706,Consumer Cyclical,124.93,USD,608,63,671
533,883,IART,3.8533278010940406,120.26344264669548,Healthcare,66.75,USD,94,577,671
4,7,UNVR,5.031670302217048,51.171746066674,Basic Materials,29.49,USD,241,432,673
879,1431,CCMP,3.3219979724851725,3739.3081761006288,Technology,188.54,USD,7,668,675
887,1679,CCMP,3.327574252379084,3739.3081761006288,Technology,188.16,USD,7,668,675
891,1679,CCMP,3.327574252379084,3739.3081761006288,Technology,188.16,USD,8,668,676
880,1431,CCMP,3.3219979724851725,3739.3081761006288,Technology,188.54,USD,7,669,676
883,1431,CCMP,3.3219979724851725,3739.3081761006288,Technology,188.54,USD,8,668,676
888,1679,CCMP,3.327574252379084,3739.3081761006288,Technology,188.16,USD,7,669,676
1025,1643,ZUMZ,11.066773740653662,20.028215203898736,Consumer Cyclical,45.89,USD,554,123,677
892,1679,CCMP,3.327574252379084,3739.3081761006288,Technology,188.16,USD,8,669,677
884,1431,CCMP,3.3219979724851725,3739.3081761006288,Technology,188.54,USD,8,669,677
889,1679,CCMP,3.327574252379084,3739.3081761006288,Technology,188.16,USD,7,674,681
881,1431,CCMP,3.3219979724851725,3739.3081761006288,Technology,188.54,USD,7,674,681
890,1679,CCMP,3.327574252379084,3739.3081761006288,Technology,188.16,USD,7,675,682
893,1679,CCMP,3.327574252379084,3739.3081761006288,Technology,188.16,USD,8,674,682
882,1431,CCMP,3.3219979724851725,3739.3081761006288,Technology,188.54,USD,7,675,682
885,1431,CCMP,3.3219979724851725,3739.3081761006288,Technology,188.54,USD,8,674,682
107,159,FCN,5.5170143775215,37.13244785499995,Industrials,143.73,USD,313,370,683
886,1431,CCMP,3.3219979724851725,3739.3081761006288,Technology,188.54,USD,8,675,683
894,1679,CCMP,3.327574252379084,3739.3081761006288,Technology,188.16,USD,8,675,683
1028,1646,IBP,4.668521948122641,58.516815266697954,Industrials,109.86,USD,208,477,685
772,1257,KR,3.719884847531997,127.5229357798165,Consumer Defensive,44.81,USD,93,594,687
994,1589,ABCL,11.605187415921586,18.923744779923634,Healthcare,9.8,USD,579,109,688
487,809,TXN,5.220000518849791,43.86132315521628,Technology,165.72,USD,277,412,689
360,618,APH,4.141568398028806,81.19355079495409,Technology,75.96,USD,142,548,690
141,229,NVR,8.901006316625972,22.155173632975416,Consumer Cyclical,5078.0,USD,517,173,690
660,1088,EL,4.093450928162651,88.98666666666666,Consumer Defensive,305.96,USD,135,555,690
1078,1724,TMO,4.492187266661969,63.92994953992282,Healthcare,550.35,USD,188,505,693
913,1463,HLNE,4.918318715034581,49.19398033761252,Financial Services,80.82,USD,252,441,693
870,1412,QGEN,4.503867191677377,62.51666826627568,Healthcare,49.19,USD,192,504,696
15,27,WMS,3.313319852064984,688.5937372584197,Industrials,121.28,USD,19,678,697
1053,1687,ABT,3.738376215727885,110.14698909435752,Healthcare,123.68,USD,105,592,697
243,404,WOR,9.16124961094296,21.494310147046725,Industrials,57.12,USD,529,168,697
122,190,AAPL,3.571405943497129,150.38857063979572,Technology,170.52,USD,76,621,697
528,876,TER,5.936626674481451,30.21074181403501,Technology,117.43,USD,382,316,698
413,706,CMC,12.350318657471718,18.09465649847935,Basic Materials,36.8716,USD,603,97,700
143,232,ECPG,12.563879409479162,17.9239327671078,Financial Services,70.0,USD,606,95,701
509,842,KLAC,4.395012230103328,64.87475018786246,Technology,378.93,USD,184,521,705
477,794,L,3.4579417616940007,192.3850574712644,Financial Services,61.73,USD,61,644,705
116,176,NDSN,4.105689813717088,75.33831069265982,Industrials,231.98,USD,154,552,706
793,1290,RDY,42.9338686604961,14.505304086894045,Healthcare,56.86,USD,701,6,707
505,838,DLTR,4.482463462616373,60.51998519615099,Consumer Defensive,134.84,USD,200,507,707
673,1105,WMB,3.507616205070525,147.44929317762754,Energy,30.075,USD,80,629,709
1075,1720,OLLI,7.604227225026534,23.58791386035054,Consumer Defensive,43.04,USD,483,226,709
404,691,SLQT,13.164132442775728,17.118026182057196,Financial Services,3.025,USD,625,85,710
131,213,MDT,3.9964040432496906,78.93897996357013,Healthcare,101.75,USD,147,563,710
931,1492,KAI,3.7565297375782474,96.44151937472289,Industrials,210.77,USD,124,586,710
908,1454,STRA,5.593207123252025,32.852424095815216,Consumer Defensive,54.52,USD,351,361,712
76,99,ROCK,5.409725140125413,35.174788184745594,Industrials,51.97,USD,328,384,712
513,846,BEN,9.478863812283285,20.024142969948358,Financial Services,31.165,USD,555,157,712
921,1477,ULTA,5.244755167055892,38.474409161309495,Consumer Cyclical,381.73,USD,307,406,713
507,840,CTAS,3.378597561428303,203.87916801926,Industrials,375.94,USD,58,657,715
30,50,MRKU.ME,12.95742130684748,16.973663585123834,Utilities,0.1794,RUB,629,87,716
498,824,LECO,4.813306693857586,47.62299285911548,Industrials,126.64,USD,258,459,717
94,136,TNET,5.423598329893471,34.17172593235039,Industrials,84.1,USD,337,381,718
585,949,MSRS.ME,11.510403072012226,17.784198213033225,Utilities,1.149,RUB,607,112,719
948,1516,TDC,3.469374881725856,136.68639053254438,Technology,51.56,USD,86,636,722
374,643,CSWI,3.857919914315818,79.37030247479376,Industrials,115.39,USD,146,576,722
300,511,VRT,3.367665649859529,183.1746031746032,Industrials,21.99,USD,65,658,723
969,1549,CFX,3.289135782971709,284.65766094248846,Industrials,42.43,USD,40,684,724
198,331,GPS,6.758542984788567,24.5025173819228,Consumer Cyclical,15.8799,USD,462,262,724
163,267,TRMB,3.009110678879262,14710.0,Technology,67.51,USD,1,723,724
1091,1749,LLY,3.0127367769660287,7332.286995515695,Healthcare,245.58,USD,3,722,725
790,1286,AMWD,3.5229930759047643,116.43997968282636,Consumer Cyclical,55.06,USD,97,628,725
106,154,GOLD,9.763040888829076,19.0788143475272,Basic Materials,21.82,USD,576,149,725
313,534,ECL,3.001989959977556,17818.09523809524,Basic Materials,182.35,USD,0,726,726
634,1041,DHI,15.069414475859386,15.829128707213696,Consumer Cyclical,84.21,USD,659,67,726
474,788,SYK,3.20654335773171,295.55735056542807,Healthcare,256.3525,USD,37,695,732
972,1554,GWW,5.075531511630978,39.37738940469689,Industrials,474.88,USD,303,429,732
294,499,AOS,5.483137889545453,32.44257703081232,Industrials,72.41,USD,358,375,733
624,1024,WTS,5.7312548158580885,29.334561363113053,Industrials,144.11,USD,390,343,733
343,587,ANTM,4.765655021832233,45.2125840647441,Healthcare,451.97,USD,266,467,733
136,224,PBA,5.094149999414613,38.409187579753294,Energy,33.555,USD,308,427,735
135,221,PKG,6.592255728316329,24.64258760107817,Consumer Cyclical,147.55,USD,460,275,735
408,696,NP,4.655083510600848,49.03846153846153,Basic Materials,47.73,USD,253,483,736
1081,1728,CCS,18.504075908392466,14.594586690323272,Consumer Cyclical,63.5,USD,699,37,736
270,453,HCCI,8.596662084981531,20.064935064935067,Industrials,28.12,USD,553,183,736
760,1241,GCHE.ME,7.312321776416297,23.0460755572764,Consumer Defensive,3078.0,RUB,499,238,737
663,1091,MTX,6.287962475052645,25.637513171759743,Basic Materials,70.3,USD,439,298,737
593,967,VOW3.DE,6.20052605834271,25.833502256457308,Consumer Cyclical,186.02,EUR,436,303,739
133,217,NFLX,3.3228745600075,182.5418402131015,Communication Services,397.845,USD,67,672,739
724,1181,CP,4.423604822170284,55.59598311745015,Industrials,74.86,USD,225,515,740
1051,1685,TTC,4.2975351896730345,58.85196563975129,Industrials,99.72,USD,206,534,740
168,273,GOOGL,8.11227564647092,21.14827426230513,Communication Services,2707.17,USD,535,207,742
78,104,MTG,11.076650890878412,17.289619953810472,Financial Services,15.895,USD,621,122,743
224,371,GNTX,6.577758395744558,24.25155247524056,Consumer Cyclical,31.325,USD,468,276,744
869,1408,KWR,3.564929687181427,98.973031376031,Basic Materials,210.89,USD,122,622,744
735,1202,BIG,7.530695429971679,22.315497000941527,Consumer Defensive,37.285,USD,513,231,744
707,1138,FIZZ,5.607923484529995,29.61543913705163,Consumer Defensive,43.22,USD,386,359,745
155,248,SSTK,3.813473251514681,68.77633711507293,Communication Services,89.12,USD,168,581,749
1094,1755,KFY,7.614939081368339,21.669392318282192,Industrials,68.21,USD,526,224,750
594,968,FFIV,3.041999629456421,347.031057871564,Technology,201.28,USD,31,719,750
983,1572,UAA,11.188155101868958,16.72909118112981,Consumer Cyclical,17.26,USD,634,119,753
339,580,IRGZ.ME,6.410962581134711,24.46011399823383,Utilities,14.18,RUB,464,290,754
611,1004,SAP.DE,3.7464413620369417,68.98477157360406,Technology,105.5,EUR,165,589,754
113,171,TEL,4.663968963001059,44.100294985250734,Technology,147.67,USD,275,480,755
506,839,GOOG,7.688357809561889,21.14827426230513,Communication Services,2717.985,USD,536,222,758
79,106,IEX,3.985116254004064,61.28287225449688,Industrials,190.95,USD,195,565,760
785,1279,CSX,4.951429368023505,35.464751412035426,Industrials,35.14,USD,323,439,762
863,1400,ALV,5.243091583883857,32.45697896749522,Consumer Cyclical,103.23,USD,357,407,764
917,1471,MHK,9.54417171890665,17.696896206307006,Consumer Cyclical,150.615,USD,610,155,765
95,138,BURL,3.724000200169422,68.13743148037958,Consumer Cyclical,227.6,USD,172,593,765
418,717,HEI,4.538371354940806,45.05495638545769,Industrials,144.2,USD,269,498,767
75,98,JOUT,15.45388551840264,14.044765853258363,Consumer Cyclical,83.5,USD,713,55,768
100,143,DECK,6.671150694569038,22.81741676668519,Consumer Cyclical,312.885,USD,502,267,769
650,1070,URBN,8.49743481725543,18.726907768472213,Consumer Cyclical,27.05,USD,584,186,770
483,802,MSA,3.467585272175284,89.51648511981325,Industrials,137.87,USD,132,638,770
400,683,SR,4.445247567804795,46.75692695214106,Utilities,64.32,USD,262,511,773
417,716,WSO,5.817903935456288,25.24308682574676,Industrials,261.93,USD,445,330,775
981,1569,AWI,2.835432079882174,362.780269058296,Industrials,97.27,USD,28,748,776
1085,1735,ACN,3.581045338378106,71.95908324182555,Technology,333.72,USD,160,618,778
326,553,SPG,3.0052432713411585,213.5070784469467,Real Estate,142.87,USD,54,724,778
749,1224,HRL,3.7192924254335473,64.90371620658391,Consumer Defensive,46.995,USD,183,595,778
813,1322,UA,9.96965562196158,16.72909118112981,Consumer Cyclical,15.21,USD,635,144,779
1084,1732,RPM,4.361034902399751,49.323591742893655,Basic Materials,86.69,USD,251,528,779
748,1223,CENT,12.923070222116008,14.778260282279504,Consumer Defensive,46.12,USD,695,89,784
1112,1784,IRAO.ME,28.11991141750983,12.736127842496392,Utilities,3.833,RUB,766,21,787
935,1497,PIKK.ME,8.920611010434525,17.47217164941868,Real Estate,944.5,RUB,615,172,787
598,973,CC,5.804574253884133,24.758064516129032,Basic Materials,31.16,USD,457,331,788
452,773,YETI,4.425453403779207,44.2437280574667,Consumer Cyclical,64.9,USD,274,514,788
396,677,LEN,15.215790850867268,13.680931174963415,Consumer Cyclical,90.8749,USD,727,62,789
846,1371,OGKB.ME,17.420784911220455,13.313601159218427,Utilities,0.5739,RUB,742,47,789
514,851,JKHY,3.127934537473741,144.14823362575945,Technology,167.715,USD,82,707,789
134,220,MTH,18.93056652211181,13.039388862964971,Consumer Cyclical,92.34,USD,756,35,791
538,895,UPS,3.918390885328877,56.58920323325635,Industrials,214.8199,USD,219,573,792
811,1319,DCI,5.301152814314518,28.593103448275865,Industrials,54.23,USD,397,397,794
436,747,TSCO,4.5912377435308125,39.31584869240147,Consumer Cyclical,214.31,USD,304,490,794
471,781,MOMO,35.32467108713992,12.33221989454421,Communication Services,10.605,USD,780,14,794
614,1007,HYDR.ME,15.122665991054268,13.562635118904636,Utilities,0.7602,RUB,731,64,795
636,1045,WSC,3.0234210936792048,149.92277350543424,Industrials,38.34,USD,77,720,797
1062,1703,PINC,5.280883945162984,28.571933712076564,Healthcare,36.55,USD,398,400,798
515,852,FWRD,4.261137473021382,46.970372443919146,Industrials,101.14,USD,261,537,798
672,1103,BSX,2.6128840885805134,408.8842975206612,Healthcare,43.7,USD,26,774,800
90,128,IVZ,6.4784868792916654,22.02473672298332,Financial Services,23.35,USD,518,285,803
196,327,CTSH,5.143649821247252,30.33943776974221,Technology,88.615,USD,381,422,803
918,1472,PHM,13.710163098500198,13.766096843256124,Consumer Cyclical,49.4,USD,724,79,803
481,800,WRK,4.843351298873047,32.605835110485955,Consumer Cyclical,47.14,USD,352,452,804
816,1327,PAYX,3.4582078741917988,69.55670649647242,Industrials,120.27,USD,163,643,806
966,1543,BIIB,4.589586679951327,36.93210582566141,Healthcare,214.67,USD,315,491,806
764,1246,HALO,5.648435178359762,25.04528511915805,Healthcare,34.42,USD,453,356,809
970,1551,MEDP,3.5805319722322286,62.67913008376224,Healthcare,146.64,USD,191,619,810
405,693,SEIC,6.707519327252143,20.50566632892195,Financial Services,60.34,USD,548,264,812
260,441,MHO,17.917853606215424,12.62716343492896,Consumer Cyclical,49.17,USD,771,45,816
175,288,CHKP,4.662330808636432,34.02907193440179,Technology,131.98,USD,339,481,820
173,282,NWSA,5.184853413178798,28.338391502276178,Communication Services,23.515,USD,403,417,820
266,449,LKOH.ME,12.001409197083522,13.873374625045477,Energy,6994.0,RUB,719,102,821
504,837,NSC,4.882194557497166,30.995140502852315,Industrials,274.885,USD,373,449,822
998,1600,HAIN,4.222675935717138,42.48316294394108,Consumer Defensive,36.48,USD,284,541,825
852,1382,RSTI.ME,13.041783664647994,13.438061116965228,Utilities,1.0362,RUB,739,86,825
302,514,POOL,3.9699046782322807,48.73370177099434,Consumer Cyclical,458.49,USD,257,568,825
529,879,SAP,3.3594470720738907,68.98477157360406,Technology,119.67,USD,164,662,826
221,366,RHM.DE,6.5313575493372,20.52497265767408,Industrials,98.5,EUR,547,281,828
305,520,MGTSP.ME,21.89957160567501,11.246095809840588,Communication Services,1090.0,RUB,806,26,832
645,1060,BABA,15.401016755339027,12.55320944362143,Consumer Cyclical,125.388,USD,774,58,832
791,1288,ADBE,2.4690370540161397,293.7721518987342,Technology,475.81,USD,38,795,833
1125,1805,ABRD.ME,8.77583327736652,15.883688060859283,Consumer Defensive,169.5,RUB,657,177,834
251,424,BMW.DE,6.766615714952658,19.084091271740867,Consumer Cyclical,94.29,EUR,575,261,836
435,746,ARW,6.63268725275515,19.39759644693869,Technology,126.52,USD,566,272,838
429,734,AEM,6.771145741028578,18.91202251389284,Basic Materials,52.605,USD,580,260,840
658,1085,GAZP.ME,13.52440535358918,12.862660054813391,Energy,335.3,RUB,761,80,841
1099,1762,NSP,3.507003107794303,58.04854389258372,Industrials,92.84,USD,211,630,841
165,270,PETQ,3.0141582034745444,99.01178972386404,Healthcare,18.885,USD,121,721,842
1110,1780,HUM,4.885684061717234,28.71760895170789,Healthcare,428.77,USD,395,447,842
799,1302,NEU,6.468407445728946,19.99128454778716,Basic Materials,325.04,USD,556,287,843
147,237,MOS,7.090059921567858,18.274366627065767,Basic Materials,45.97,USD,596,249,845
543,903,BANEP.ME,21.16852701214466,10.868835865708308,Energy,1028.0,RUB,818,28,846
684,1120,RSTIP.ME,11.685028545059058,13.438061116965228,Utilities,1.75,RUB,738,108,846
178,291,LEGH,8.166539028596016,16.48350679132122,Consumer Cyclical,26.19,USD,644,203,847
877,1429,CNS,4.245858652535258,38.1800999054948,Financial Services,82.065,USD,309,539,848
322,548,RL,7.699905116804681,16.98491502768761,Consumer Cyclical,129.59,USD,628,221,849
709,1142,MOV,14.230104728728248,12.419700729522932,Consumer Cyclical,39.42,USD,778,72,850
207,344,GRNT.ME,24.820932977528155,10.542564140671104,Real Estate,0.694,RUB,828,23,851
423,724,GPRO,7.758788125651668,16.744717112865214,Technology,8.91,USD,633,218,851
1048,1681,PRFT,2.549498955249286,175.16096361137235,Technology,105.98,USD,70,782,852
424,725,TM,10.84805983414252,13.761753556360825,Consumer Cyclical,189.8,USD,725,127,852
798,1297,GSKY,6.294286661281309,19.884809112243147,Technology,10.53,USD,558,297,855
362,622,CNI,5.1474339110280205,25.7053152914124,Industrials,126.04,USD,437,421,858
1022,1636,IPAR,5.7950032208743485,21.65515677762803,Consumer Defensive,96.79,USD,527,332,859
171,276,AAP,4.321276984779255,34.45156503458861,Consumer Cyclical,222.23,USD,332,530,862
777,1264,TJX,3.9768887816360254,40.09484708836054,Consumer Cyclical,66.97,USD,297,566,863
988,1580,SOHU,86.09102600561528,9.327589226072242,Communication Services,18.93,USD,862,2,864
605,985,MDC,15.253939662209778,11.303799973786496,Consumer Cyclical,43.7031,USD,805,60,865
288,487,CASY,4.765921414539971,28.240509118722954,Consumer Defensive,184.2,USD,406,466,872
964,1541,VMW,3.701213538903581,44.428232719314245,Technology,125.89,USD,273,599,872
788,1284,TGKA.ME,18.76409954677635,10.282644453498726,Utilities,0.00992,RUB,836,36,872
926,1485,MGA,6.466809772655815,18.72549773233915,Consumer Cyclical,80.04,USD,585,288,873
1004,1610,NSVZ.ME,12.622741141198,12.404002228844153,Communication Services,168.0,RUB,779,94,873
531,881,CAT,4.400624774823425,32.51782099797589,Industrials,203.5,USD,355,520,875
488,811,TTEK,2.8503724525748515,90.12142166582004,Industrials,157.22,USD,131,746,877
24,43,PLUS,7.570658394006478,16.14356543424907,Technology,46.43,USD,650,227,877
438,749,DLTH,6.972974321345715,17.126067214095382,Consumer Cyclical,14.82,USD,624,253,877
627,1027,NTES,15.496041858130294,10.616446267565784,Communication Services,99.215,USD,824,54,878
912,1461,AZPN,3.7775766393773744,40.278092565220646,Technology,141.25,USD,295,583,878
708,1139,CRMT,12.736824430158627,12.093889662923695,Consumer Cyclical,98.97,USD,787,93,880
319,544,ATR,3.989365787038466,36.73997750481384,Consumer Cyclical,113.96,USD,318,564,882
56,90,AFG,5.969891854672728,19.253531882397866,Financial Services,140.52,USD,569,313,882
357,613,HEAR,7.778767746513258,15.704989942013322,Technology,23.0598,USD,666,217,883
544,905,LPLA,3.974640513163424,36.77576737585759,Financial Services,187.115,USD,317,567,884
656,1081,ADS,6.454497742009697,18.103897528730904,Financial Services,72.57,USD,600,289,889
530,880,BANE.ME,14.12587588435343,10.868835865708308,Energy,1427.5,RUB,817,73,890
601,977,ADP,2.6005653504606845,101.86663636105352,Industrials,203.05,USD,115,776,891
665,1093,KRKNP.ME,28.437607677482347,8.89535822352381,Energy,15800.0,RUB,872,20,892
960,1535,TRNFP.ME,19.205039930106548,9.529307300543994,Energy,152400.0,RUB,859,33,892
1046,1676,SKY,4.6306072079323375,28.114363129128883,Consumer Cyclical,75.25,USD,408,485,893
248,415,XYL,3.1501844128910723,63.88606307222787,Industrials,89.5125,USD,189,704,893
3,6,RHI,4.306616159551173,31.91620471493574,Industrials,123.08,USD,362,532,894
664,1092,BLK,3.003298985097379,68.64350936646898,Financial Services,781.26,USD,170,725,895
97,140,SSD,6.106985008402759,18.542206067451215,Industrials,116.725,USD,591,306,897
365,626,MMI,7.461891545849156,15.567817344754964,Real Estate,47.2875,USD,671,233,904
238,395,IDXX,2.0856384234533563,150.79559604813988,Healthcare,501.535,USD,75,829,904
338,577,DBX,2.678987840362167,85.23927905531386,Technology,24.79,USD,137,767,904
1006,1612,TPH,15.069659280268011,10.2077349029867,Consumer Cyclical,23.32,USD,839,66,905
389,666,CENTA,7.954529238151417,14.778260282279504,Consumer Defensive,41.875,USD,694,211,905
1002,1606,EVK.DE,5.137738639101616,23.602821486706457,Basic Materials,29.58,EUR,482,424,906
43,71,FOE,5.1947118538164885,23.368462187048383,Basic Materials,21.84,USD,492,415,907
445,764,VMI,4.823595033007551,25.05164101946644,Industrials,223.61,USD,452,456,908
1079,1725,SXI,5.283090308880773,22.5503412139702,Industrials,107.05,USD,510,399,909
712,1151,CMI,5.499767319667756,21.021975112523165,Industrials,222.6,USD,540,372,912
330,562,GLPI,4.829363561197472,24.73059158562658,Real Estate,44.875,USD,459,454,913
239,396,FCFS,4.286541336270234,30.55806995506252,Financial Services,76.01,USD,378,536,914
1003,1608,DVEC.ME,5.712720422364759,19.25346416495392,Utilities,1.053,RUB,570,348,918
713,1153,LEA,5.468400657527182,20.88826148333153,Consumer Cyclical,174.43,USD,542,378,920
932,1493,LFUS,5.279595181330343,21.95136217115525,Technology,264.33,USD,519,401,920
286,485,WERN,6.491431887099869,16.63189499261568,Industrials,41.9,USD,639,283,922
520,866,UCTT,5.823764761804206,18.307709082978956,Technology,50.252,USD,594,329,923
808,1315,MU,7.51728806421845,14.800386127008206,Technology,96.02,USD,692,232,924
652,1073,EIX,4.154629850938538,30.500374812593705,Utilities,59.46,USD,379,546,925
501,828,HOG,5.32167388909367,21.34481243593873,Consumer Cyclical,42.12,USD,531,396,927
186,306,HNP,2.7975443665677826,66.57759969372351,Utilities,21.0321,USD,177,752,929
818,1330,ATVI,5.381064708578435,21.01142343729945,Communication Services,81.57,USD,541,388,929
249,419,A,3.1526270337336166,55.19017432646592,Healthcare,133.62,USD,227,703,930
182,301,HFC,6.917822366304989,15.377461514901702,Energy,38.51,USD,677,257,934
426,728,MKL,6.998463552137629,15.025574630737504,Financial Services,1272.595,USD,686,252,938
170,275,NTR,4.747304609447036,24.121708779118293,Basic Materials,74.8307,USD,470,468,938
232,385,MAN,4.9742766835223335,22.618813632611342,Industrials,114.51,USD,507,435,942
191,312,PAGS,10.24984553619241,11.310319947858163,Technology,17.68,USD,804,139,943
574,931,MEI,6.664595335386678,15.421338958587766,Technology,46.96,USD,676,268,944
1008,1615,TGKBP.ME,9.36915721156579,12.08264874668068,Utilities,0.00633,RUB,789,158,947
123,192,HUN,5.72825335117315,17.992240543161977,Basic Materials,40.56,USD,604,344,948
957,1531,GT,4.421268908745591,26.14322691975841,Consumer Cyclical,16.48,USD,434,516,950
114,174,FEES.ME,15.37261963150922,7.691294638780236,Utilities,0.14002,RUB,891,59,950
933,1494,ROLO.ME,3.638083059278147,33.085137316337914,Basic Materials,8.93,RUB,347,606,953
977,1560,LSRG.ME,11.951174727849482,9.78035594837323,Real Estate,741.0,RUB,851,103,954
807,1313,CBRL,3.622917102289734,33.76165251334093,Consumer Cyclical,133.61,USD,344,611,955
403,690,CRUS,5.218113382951544,20.600170228428148,Technology,83.61,USD,546,413,959
801,1304,CWST,1.7773532893750283,107.04969435075886,Industrials,74.3054,USD,107,857,964
873,1419,EOG,5.746489840218034,17.10037456106126,Energy,111.36,USD,627,339,966
814,1323,AGRO,7.551246403936296,13.50587667649254,Consumer Defensive,8.55,USD,736,230,966
769,1253,SHI,18.008875128843048,6.444912658730597,Energy,23.0891,USD,925,43,968
395,676,SHOO,5.24569249004322,19.48666679864589,Consumer Cyclical,42.75,USD,564,405,969
10,18,MGPI,4.7380653661123135,23.03994023146472,Consumer Defensive,78.42,USD,500,470,970
54,86,JBHT,4.013008349215301,27.85714756055147,Industrials,191.7,USD,411,560,971
653,1075,GGG,4.1925341249403125,26.42539314324688,Industrials,71.41,USD,430,543,973
743,1216,CBRE,3.7530242764367423,29.58961204204027,Real Estate,101.21,USD,387,588,975
199,335,RMD,2.7273350634173736,56.93457596783361,Healthcare,232.41,USD,217,760,977
41,68,TGKB.ME,8.425226037367564,12.08264874668068,Utilities,0.004165,RUB,788,190,978
982,1571,SNGSP.ME,38.75579500013532,4.703733661835362,Energy,37.855,RUB,970,9,979
541,900,SIE.DE,3.292226485145285,39.986308190191686,Industrials,142.54,EUR,299,683,982
675,1108,VMC,2.857235553808507,51.853570784083736,Basic Materials,188.98,USD,240,744,984
6,9,CERN,3.090533621276203,43.98635297140245,Healthcare,92.03,USD,276,713,989
928,1487,IP,5.529393873446115,17.131474103585656,Consumer Cyclical,46.6,USD,623,367,990
296,504,EA,2.757917819224484,52.95774647887323,Communication Services,132.13,USD,237,758,995
539,896,AJG,2.889725143156197,47.27849396357684,Financial Services,155.65,USD,259,740,999
830,1346,TNC,4.555592184284319,22.62118491921005,Industrials,78.37,USD,506,495,1001
1076,1722,MDU,5.242816450350211,18.35536804631163,Industrials,27.65,USD,593,408,1001
901,1440,MGRC,4.791780508262431,21.027241589039345,Industrials,76.14,USD,539,462,1001
1017,1627,TTE,5.380924912400526,17.60753121008169,Energy,58.09,USD,613,389,1002
951,1521,TGKN.ME,8.264066863551285,11.19455623167017,Utilities,0.00295,RUB,807,196,1003
159,254,LYLT,5.264706237028776,18.099684753081856,Technology,24.225,USD,601,403,1004
1102,1768,AMEH,3.610944118388949,29.042472276068604,Healthcare,58.3,USD,393,613,1006
355,611,ZTS,2.822899494151708,48.79786286731968,Healthcare,193.0,USD,256,750,1006
437,748,GRMN,5.567895626401851,16.597240685040052,Technology,118.641,USD,641,366,1007
703,1128,NTGR,10.892672779035822,8.252947572000014,Technology,26.92,USD,882,126,1008
842,1366,KBH,10.44134988478722,8.837207207600263,Consumer Cyclical,39.43,USD,874,136,1010
291,491,FLS,4.962959577679817,19.172074041684887,Industrials,32.845,USD,574,437,1011
633,1040,MSFT,3.103263987652719,39.60922960427032,Technology,296.92,USD,301,711,1012
780,1267,MNST,4.130370984986357,24.48223684643192,Consumer Defensive,82.72,USD,463,550,1013
999,1601,CPRT,4.070875465551151,24.75060969525703,Industrials,126.87,USD,458,556,1014
775,1261,SNGS.ME,17.48628522569442,4.703733661835362,Energy,35.63,RUB,969,46,1015
448,769,CRSP,10.576406534833009,8.336823345415159,Healthcare,60.02,USD,881,134,1015
1012,1622,NEM,5.84632266243927,15.01178191273259,Basic Materials,64.28,USD,688,327,1015
359,617,PSMT,5.741513581464589,15.477030424698384,Consumer Defensive,70.59,USD,674,342,1016
149,239,LULU,3.1277464425638426,37.75716555019061,Consumer Cyclical,314.22,USD,311,708,1019
1088,1740,AMSF,5.929987965235488,14.289450179331917,Financial Services,53.23,USD,705,317,1022
120,188,APEI,5.364149330987294,16.896481357315686,Consumer Defensive,17.98,USD,630,392,1022
185,305,SUPN,5.768355369166557,15.164297480324567,Healthcare,30.56,USD,684,338,1022
1016,1626,LW,3.180635454049546,35.209435434914575,Consumer Defensive,67.13,USD,326,701,1027
55,89,INTU,1.6861437392928915,76.72571777642028,Technology,518.09,USD,151,878,1029
757,1235,FELE,3.772867420341552,25.12118673993807,Industrials,86.55,USD,448,584,1032
104,152,SKX,7.008834667819558,12.32661543615063,Consumer Cyclical,47.98,USD,781,251,1032
1087,1738,COST,2.9289800515535003,40.082230773285545,Consumer Defensive,512.4,USD,298,734,1032
1092,1751,MYRG,5.138386815302138,17.680316846627747,Industrials,98.24,USD,611,423,1034
25,44,FANG,5.364671725775459,16.372933978632087,Energy,130.605,USD,645,391,1036
868,1406,CLR,4.945495446010498,18.26385711814621,Energy,54.22,USD,597,440,1037
1059,1698,ORUP.ME,12.021874855758858,6.039371841805246,Consumer Cyclical,7.74,RUB,937,101,1038
679,1113,ETLN.ME,10.6246346258278,7.303994829745123,Real Estate,91.98,RUB,906,133,1039
158,252,OHI,5.088980159148453,17.63093506334264,Real Estate,29.26,USD,612,428,1040
422,723,REGI,10.652853249038271,7.053783260455567,Energy,35.97,USD,912,132,1044
618,1012,CMS,3.458852495752393,28.29632540774219,Utilities,61.7,USD,404,642,1046
955,1527,EXLS,3.608008604292238,26.258646937848884,Technology,119.85,USD,433,614,1047
849,1376,SCL,5.631976938568223,14.8841399128277,Basic Materials,111.4,USD,690,357,1047
853,1383,VRTV,5.574553823333474,15.200067108464054,Industrials,103.33,USD,683,365,1048
1020,1633,GM,4.834077764504275,18.300936617911216,Consumer Cyclical,50.43,USD,595,453,1048
831,1347,ESE,3.463551714305339,27.903654292935304,Technology,71.53,USD,410,639,1049
13,25,IR,2.3662164902584903,50.18717642373557,Industrials,55.11,USD,243,807,1050
201,338,RACE,2.387211310275558,49.768832326223446,Consumer Cyclical,222.66,USD,246,805,1051
682,1116,BRKR,3.577407321298601,26.364090398301908,Healthcare,68.18,USD,431,620,1051
311,531,EBAY,5.506975179362139,15.29796511627907,Consumer Cyclical,58.22,USD,680,371,1051
192,314,TDS,3.407758121612567,28.397565922920894,Communication Services,20.8,USD,400,651,1051
815,1326,TOL,9.30137017611136,7.877002898218981,Consumer Cyclical,55.69,USD,888,164,1052
590,960,ISKJ.ME,1.650730629751365,68.02410823056701,Healthcare,115.2,RUB,173,880,1053
112,166,MCRI,4.376469604049305,21.52233524988943,Consumer Cyclical,77.5418,USD,528,526,1054
318,541,PTR,8.756946359339349,8.571544660391412,Energy,53.2898,USD,878,180,1058
277,463,DORM,4.7098680143565375,18.64653756499124,Consumer Cyclical,93.498,USD,588,471,1059
195,325,ENS,5.398582786114006,15.4716824796937,Industrials,73.97,USD,675,385,1060
619,1013,LHA.DE,-6.774186399919721,2152.4475524475524,Industrials,7.807,EUR,9,1051,1060
920,1476,CRM,0.4143366453239911,175.5877034358047,Technology,211.9,USD,69,994,1063
344,593,XPEL,1.9823050081788207,53.98544101568936,Consumer Cyclical,69.719,USD,231,833,1064
387,664,RRC,-2.378168426471743,472.8894624962041,Energy,20.61,USD,25,1040,1065
1105,1771,COLM,5.898000604922019,13.236633675095993,Consumer Cyclical,98.29,USD,747,319,1066
717,1166,HOT.DE,3.2856111441836253,30.43835845196844,Industrials,69.4,EUR,380,686,1066
523,870,WB,7.421181122803969,10.528346017872073,Communication Services,32.17,USD,830,236,1066
335,570,SVAV.ME,4.964856935825428,16.7749658002736,Consumer Cyclical,215.0,RUB,632,436,1068
310,530,HUBG,4.53282736434828,19.317857505647435,Industrials,80.03,USD,567,501,1068
667,1097,BAX,3.937494215068641,23.140107955878904,Healthcare,84.58,USD,498,571,1069
1124,1803,AER,4.475847612014175,19.67678575121688,Industrials,66.54,USD,560,509,1069
85,116,DLB,8.02878836590375,9.520599154665767,Technology,76.5,USD,860,209,1069
87,119,WDFC,2.863875467614522,35.17731001932275,Basic Materials,215.79,USD,327,742,1069
600,976,SPLK,-4.769972593876274,522.5366016500549,Technology,121.95,USD,24,1047,1071
401,687,FAST,3.824525581555768,23.27451946771809,Industrials,51.919,USD,494,580,1074
573,930,GMKN.ME,0.300369049426079,170.29247453171212,Basic Materials,22380.0,RUB,71,1003,1074
1106,1772,WEC,3.3282852947517663,28.070602927067,Utilities,89.12,USD,409,667,1076
797,1296,JNPR,3.1074450648288225,31.50999930318445,Technology,34.52,USD,367,709,1076
227,377,PUBM,5.606153759399503,13.966540773165196,Technology,29.67,USD,716,360,1076
730,1190,PRAA,7.847533823560025,9.106570359909927,Financial Services,46.27,USD,866,213,1079
1082,1730,EVRG,4.059556736248738,21.83757607486421,Utilities,61.21,USD,522,557,1079
258,439,NJR,3.640752904603727,23.96695245259181,Utilities,39.95,USD,475,605,1080
532,882,TREX,2.909297775768887,33.766625758731635,Industrials,89.64,USD,343,738,1081
565,913,GTLS,2.0098390955624668,49.4605092792404,Industrials,121.305,USD,250,831,1081
766,1248,AQUA,1.703958938602392,57.12387635201063,Industrials,44.34,USD,215,873,1088
644,1058,VRTX,4.677460292434482,17.5854489857386,Healthcare,235.33,USD,614,475,1089
267,450,GLW,4.443123454691479,19.064869418702614,Technology,41.942,USD,577,512,1089
787,1283,TMHC,8.451694938763715,7.414558511094349,Consumer Cyclical,30.17,USD,902,188,1090
315,537,IFX.DE,3.328445312373909,26.66766601708889,Technology,33.245,EUR,427,666,1093
473,785,ELS,2.177094828970066,44.6613236665848,Real Estate,76.855,USD,272,823,1095
398,680,LANC,3.958201000311453,21.792027789241985,Consumer Defensive,157.9085,USD,525,570,1095
412,704,DB1.DE,,355.6985675731784,Financial Services,159.05,EUR,30,1067,1097
990,1583,NTNX,-7.299212578279753,233.1800844571584,Technology,27.2,USD,46,1053,1099
657,1082,SJW,2.4031576035622644,40.137656013343815,Utilities,63.7292,USD,296,804,1100
301,512,TXRH,3.463418313483493,24.568936657050283,Consumer Cyclical,91.68,USD,461,640,1101
683,1117,SAIA,3.6987846833429,22.898794600352712,Industrials,270.99,USD,501,600,1101
643,1056,PTCT,-7.486149717606619,220.234372981214,Healthcare,40.19,USD,50,1054,1104
1014,1624,GCO,5.780325493606085,12.690972134597816,Consumer Cyclical,68.35,USD,768,336,1104
768,1251,AIN,5.328321751580716,14.152619601157689,Consumer Cyclical,88.735,USD,710,394,1104
942,1507,WRLD,6.268114322203747,11.160161391466309,Financial Services,224.9225,USD,809,299,1108
58,94,LRN,5.791281649531889,12.452117114411012,Consumer Defensive,33.53,USD,776,333,1109
66,1341,LRN,5.709414944940541,12.452117114411012,Consumer Defensive,34.19,USD,776,333,1109
59,94,LRN,5.791281649531889,12.452117114411012,Consumer Defensive,33.53,USD,776,334,1110
70,1341,LRN,5.709414944940541,12.452117114411012,Consumer Defensive,34.19,USD,777,333,1110
67,1341,LRN,5.709414944940541,12.452117114411012,Consumer Defensive,34.19,USD,776,334,1110
62,94,LRN,5.791281649531889,12.452117114411012,Consumer Defensive,33.53,USD,777,333,1110
71,1341,LRN,5.709414944940541,12.452117114411012,Consumer Defensive,34.19,USD,777,334,1111
637,1046,ROSN.ME,5.230249483776997,14.536771728748809,Energy,573.05,RUB,700,411,1111
63,94,LRN,5.791281649531889,12.452117114411012,Consumer Defensive,33.53,USD,777,334,1111
210,348,ENRU.ME,6.531791615295226,10.345887470079065,Utilities,0.803,RUB,832,280,1112
272,456,DE,4.555778531135826,17.44772580297478,Industrials,387.67,USD,618,494,1112
962,1537,INSG,-6.121172846017963,185.2457594030628,Technology,4.945,USD,64,1049,1113
739,1207,BBIO,-20.332284334506667,219.16008041869816,Healthcare,8.91,USD,52,1062,1114
146,236,CARG,3.962541618342025,20.643440700866087,Communication Services,35.39,USD,545,569,1114
903,1444,KEYS,3.346267108944375,25.0623724200499,Technology,169.78,USD,451,663,1114
826,1342,OSK,5.383328576508271,13.606327593111732,Industrials,116.02,USD,728,387,1115
519,865,FIVE,3.2581573359496163,26.73772849878432,Consumer Cyclical,167.86,USD,425,690,1115
804,1310,HAE,2.65044187574973,33.65987228405923,Healthcare,57.6,USD,345,771,1116
386,662,ALG,5.209639557021662,14.379003768019022,Industrials,138.5,USD,703,414,1117
176,289,INMD,4.135963094532335,19.31654251223474,Healthcare,47.16,USD,568,549,1117
433,743,UNF,7.110892914698021,8.869295592459435,Industrials,181.18,USD,873,247,1120
876,1427,ENTG,2.607793455139812,33.065447065953414,Technology,135.86,USD,348,775,1123
898,1436,NKE,3.6288173543680977,22.26227204691939,Consumer Cyclical,146.8096,USD,516,608,1124
60,94,LRN,5.791281649531889,12.452117114411012,Consumer Defensive,33.53,USD,776,349,1125
68,1341,LRN,5.709414944940541,12.452117114411012,Consumer Defensive,34.19,USD,776,349,1125
767,1250,MSNG.ME,10.750201491475249,3.8650300616225777,Utilities,2.0815,RUB,995,130,1125
69,1341,LRN,5.709414944940541,12.452117114411012,Consumer Defensive,34.19,USD,776,350,1126
629,1030,VRSB.ME,1.523469289628831,55.29451097618284,Utilities,181.6,RUB,226,900,1126
298,507,RRX,3.427585225763672,23.89751728828931,Industrials,160.443,USD,478,648,1126
72,1341,LRN,5.709414944940541,12.452117114411012,Consumer Defensive,34.19,USD,777,349,1126
64,94,LRN,5.791281649531889,12.452117114411012,Consumer Defensive,33.53,USD,777,349,1126
61,94,LRN,5.791281649531889,12.452117114411012,Consumer Defensive,33.53,USD,776,350,1126
245,410,AVT,7.028006557886335,8.639532411852887,Technology,41.85,USD,877,250,1127
73,1341,LRN,5.709414944940541,12.452117114411012,Consumer Defensive,34.19,USD,777,350,1127
65,94,LRN,5.791281649531889,12.452117114411012,Consumer Defensive,33.53,USD,777,350,1127
820,1332,DIOD,4.887931843990105,15.280399748814627,Technology,93.96,USD,681,446,1127
755,1232,NPK,7.78019818204997,7.105259762878485,Industrials,83.166,USD,911,216,1127
1056,1690,FTCH,-6.540827304658875,149.36194104251277,Consumer Cyclical,18.87,USD,78,1050,1128
678,1112,CHMF.ME,0.334696954617122,90.19342359767892,Basic Materials,1658.2,RUB,130,1000,1130
576,934,FLOW,3.2718983098146017,25.394548063127694,Industrials,85.56,USD,443,688,1131
82,111,ON,3.404027521079415,23.71380376721957,Technology,61.11,USD,479,653,1132
754,1230,NTCO,3.549468866793025,22.42540342122807,Consumer Defensive,9.36,USD,511,624,1135
536,886,SONO,4.655276961490196,15.98505984080061,Technology,27.845,USD,655,482,1137
728,1186,TRI,2.3783700230005165,34.32012042147517,Industrials,102.94,USD,334,806,1140
736,1204,AMD,2.531150500393065,32.50467789361133,Technology,117.37,USD,356,786,1142
441,753,KMX,4.217784819185832,18.09487032235916,Consumer Cyclical,108.955,USD,602,542,1144
290,490,SAM,3.9965370979516703,18.768435501299614,Consumer Defensive,407.19,USD,583,562,1145
805,1311,PSA,2.5358443903837298,32.35879799143663,Real Estate,352.12,USD,360,785,1145
648,1066,ARCC,5.685272355357466,11.85113685113685,Financial Services,21.73,USD,795,351,1146
275,460,REX,8.686712044684828,5.01917824575019,Basic Materials,88.65,USD,967,181,1148
927,1486,FND,2.616656476823818,30.57142255101485,Consumer Cyclical,106.77,USD,377,773,1150
938,1501,NLMK.ME,0.4104463314803583,74.36915588574357,Basic Materials,235.2,RUB,155,995,1150
975,1558,D,2.771579593833047,28.60717264386989,Utilities,78.7,USD,396,754,1150
271,455,PLZL.ME,0.1901367468993696,83.10284133769173,Basic Materials,12850.5,RUB,140,1011,1151
642,1054,UTHR,6.132343253809875,9.899331726742894,Healthcare,202.82,USD,847,304,1151
314,536,CDNS,1.932438262576372,37.160891176602654,Technology,143.21,USD,312,840,1152
871,1416,AEIS,4.814122177659348,14.708131778768117,Industrials,88.79,USD,696,458,1154
284,481,EXC,3.740870564926276,19.42421353670162,Utilities,41.67,USD,565,591,1156
98,141,ES,3.3339568185717656,23.385641415043462,Utilities,81.97,USD,491,665,1156
872,1417,AOUT,7.553963623134647,6.260120657622813,Consumer Cyclical,17.295,USD,928,229,1157
639,1048,PAAS,5.883453649924395,10.214980343090124,Basic Materials,24.07,USD,838,320,1158
1116,1791,HES,3.481641098805233,21.79286608260325,Energy,94.26,USD,524,635,1159
635,1043,FOXF,3.405622174049717,22.3020150617504,Consumer Cyclical,126.214,USD,515,652,1167
303,515,UTL,4.143996506654866,17.367335177501154,Utilities,47.42,USD,620,547,1167
235,389,BIDU,8.303967028728698,4.574239546685762,Communication Services,166.16,USD,975,194,1169
108,160,DAR,3.3227681913710243,23.194333457848472,Consumer Defensive,66.11,USD,497,673,1170
169,274,AWK,2.9263675985252404,25.9200633161852,Utilities,145.25,USD,435,735,1170
117,177,SKM,6.555127336702599,7.656711595156117,Communication Services,25.6901,USD,892,278,1170
1039,1665,ITRI,2.292916654674858,32.008360177941405,Technology,57.56,USD,361,811,1172
711,1148,BZUN,9.090293285454058,3.2608772221079123,Consumer Cyclical,13.14,USD,1004,169,1173
778,1265,THRM,4.533382973985132,15.53152752276905,Consumer Cyclical,90.8,USD,673,500,1173
971,1552,SO,3.186306910943821,24.01141840984604,Utilities,64.88,USD,474,699,1173
256,434,SITE,3.1954931619414038,23.91269714831926,Industrials,188.44,USD,477,697,1174
7,13,KMT,5.050156012949024,13.289583035577223,Industrials,33.97,USD,743,431,1174
987,1578,VREX,4.910275263619117,13.560606060606062,Healthcare,24.05,USD,732,442,1174
419,718,BBBY,3.768866882495391,18.57746972889217,Consumer Cyclical,16.145,USD,590,585,1175
623,1018,MANH,1.626799661168777,41.1273124943042,Technology,131.05,USD,292,883,1175
710,1147,VPG,6.068872622861042,9.09823171817224,Technology,32.45,USD,867,310,1177
758,1238,HCSG,5.720471209550351,10.35512347637964,Healthcare,16.53,USD,831,346,1177
904,1447,TECH,1.5607875669062503,42.4991147207658,Healthcare,413.77,USD,283,894,1177
897,1434,SNPS,1.5694364387949689,41.8617311426169,Technology,305.835,USD,286,892,1178
837,1359,RWE.DE,2.541775406229451,28.73796630565584,Utilities,36.88,EUR,394,784,1178
602,978,ERIE,3.450563927000684,21.24540979660129,Financial Services,185.0,USD,533,645,1178
613,1006,SNX,5.590870142104882,10.863113113487596,Technology,105.87,USD,819,362,1181
392,669,BKR,4.0180824372004365,17.1521716268798,Energy,29.635,USD,622,559,1181
782,1272,ETR,3.0619324950692164,24.325263534637763,Utilities,103.98,USD,467,716,1183
428,732,RRGB,-4.369121550386205,84.60008956560681,Consumer Cyclical,17.38,USD,138,1046,1184
733,1200,JEF,4.10378687028853,16.87049494383328,Financial Services,37.875,USD,631,553,1184
896,1433,OSTK,5.649235141707757,10.540352360466995,Consumer Cyclical,45.5,USD,829,355,1184
649,1069,ESPR,-34.836349206259726,93.6406507550503,Healthcare,3.9,USD,129,1063,1192
152,245,TREE,0.1539259907734892,65.3635652853792,Financial Services,115.054,USD,180,1013,1193
581,942,NTCT,1.7018996422605797,35.884119953159214,Technology,31.81,USD,319,875,1194
542,901,CVCO,4.6978178912398905,13.807391459437424,Consumer Cyclical,291.0,USD,722,472,1194
845,1370,BH,6.594685878900414,6.548248396419257,Consumer Cyclical,117.13,USD,922,274,1196
213,353,IIVI,4.8255757281773,13.362963887966927,Technology,72.22,USD,741,455,1196
156,249,SWX,3.6334279129379823,18.586489217672277,Utilities,65.175,USD,589,607,1196
211,349,GTRK.ME,6.091130612876791,7.72134516424093,Industrials,26.45,RUB,890,307,1197
1042,1670,CTLT,3.438738830017865,20.38788221970555,Healthcare,99.93,USD,551,646,1197
304,519,PPL,5.373541793196697,11.19006354708261,Utilities,28.265,USD,808,390,1198
39,66,MRKZ.ME,3.99699474290106,16.649342060035984,Utilities,0.05185,RUB,638,561,1199
1097,1760,BCPC,2.593959577196175,26.81326123764269,Basic Materials,139.93,USD,423,777,1200
676,1109,SXT,4.047534863474314,16.542436524547384,Basic Materials,80.84,USD,642,558,1200
976,1559,XRX,4.551073361399066,14.353782013103036,Technology,23.18,USD,704,497,1201
281,475,CDLX,-3.0957475307701503,72.48885227700077,Communication Services,69.6294,USD,158,1044,1202
527,875,IOSP,4.613170937058258,13.967848397743,Basic Materials,98.75,USD,715,488,1203
47,77,TTWO,3.391451928993104,20.4759061561654,Communication Services,167.27,USD,549,655,1204
1027,1645,NVTK.ME,4.783260407924672,13.39189591882686,Energy,1615.8,RUB,740,464,1204
354,609,SYNA,1.9599778791524456,31.081530782029947,Technology,231.65,USD,372,837,1209
161,257,RVLV,3.866019993621597,16.67488215614428,Consumer Cyclical,59.69,USD,637,575,1212
46,76,ANSS,1.899903117868175,31.341353301590924,Technology,320.08,USD,368,846,1214
111,165,AFL,3.394186808066678,19.55655821495294,Financial Services,64.425,USD,563,654,1217
157,251,EXR,2.55009523180697,25.64537876405496,Real Estate,189.94,USD,438,781,1219
850,1379,AWR,3.2820514078558043,21.254016510580914,Utilities,85.347,USD,532,687,1219
997,1597,SATS,6.642902971522191,5.672206568578279,Technology,26.53,USD,948,271,1219
945,1511,AKAM,3.9262556913288886,16.066023613213773,Technology,105.13,USD,651,572,1223
706,1135,WTRG,2.9676064878443107,23.233135157892164,Utilities,45.08,USD,495,729,1224
1038,1664,RKKE.ME,0.2580304683381595,56.87155111653573,Industrials,6170.0,RUB,218,1006,1224
385,661,CORT,4.651913586432533,13.185501664861397,Healthcare,22.46,USD,749,484,1233
153,246,INCY,4.666854706128851,13.045928565307763,Healthcare,67.8,USD,755,479,1234
961,1536,AZEK,2.7202449322195865,24.05152614362064,Industrials,30.685,USD,472,763,1235
1066,1708,CLH,3.627993618827492,17.105258218429856,Industrials,97.25,USD,626,609,1235
1024,1641,PRTA,5.848680250805153,6.994666916167665,Healthcare,37.26,USD,913,326,1239
110,164,TTMI,5.524701532283268,8.943779567509402,Technology,12.185,USD,870,369,1239
832,1349,ALGN,2.275478185007364,26.6451118881844,Healthcare,528.7,USD,428,814,1242
247,413,SCSC,5.428453523229846,9.174878830330258,Technology,30.55,USD,865,380,1245
857,1388,CRVL,2.4353937670953143,25.08726892411339,Financial Services,167.245,USD,450,800,1250
1117,1795,NOK,4.620733986389281,12.664981746700366,Technology,5.84,USD,769,486,1255
1127,1807,NVEE,3.089308235694551,20.403157678027583,Industrials,105.53,USD,550,715,1265
320,546,MOH,3.544368086196245,16.615635844049805,Healthcare,322.055,USD,640,625,1265
411,703,PLXS,5.1570062416535,9.793953830142344,Technology,82.57,USD,850,420,1270
434,744,COP,4.482048122893259,12.789941872342006,Energy,91.21,USD,763,508,1271
9,16,BBSI,3.788618299425898,14.788219025717334,Industrials,60.0,USD,693,582,1275
827,1343,HAL,3.361252606020813,17.453453453453456,Energy,34.105,USD,616,661,1277
382,658,SJI,2.5438386458848865,23.199638974053585,Utilities,23.82,USD,496,783,1279
992,1586,MAGN.ME,0.4574840553149504,41.33647994038008,Basic Materials,64.9,RUB,287,992,1279
1064,1705,ITT,3.5384068619468114,15.998050998863084,Industrials,89.11,USD,654,626,1280
744,1217,CEA,-5.795443195063149,53.62249950485245,Industrials,21.32,USD,232,1048,1280
500,827,ACGL,4.744295793314265,11.106013332100884,Financial Services,47.6566,USD,812,469,1281
115,175,CTRA,2.5164885409665225,23.312887431741448,Energy,23.36,USD,493,790,1283
812,1320,CNXN,5.491042067088404,7.229556345122383,Technology,49.96,USD,910,373,1283
91,129,EW,2.2923434589694613,24.022685227307196,Healthcare,108.91,USD,473,812,1285
776,1263,MLM,3.4943984860397057,16.05480055366805,Basic Materials,387.34,USD,652,634,1286
51,82,MELI,0.6230242366864724,38.91833381618164,Consumer Cyclical,1135.0,USD,305,982,1287
342,584,BOX,-0.2941181575654064,47.18577047582582,Technology,26.92,USD,260,1030,1290
578,936,OGE,3.5031740022139557,15.765661252900232,Utilities,35.75,USD,662,631,1293
518,863,AIG,1.368673046228095,30.90032910202163,Financial Services,59.99,USD,375,920,1295
427,730,AAL,-7.903544313291155,52.28728615570126,Industrials,18.845,USD,239,1056,1295
1015,1625,ADS.DE,3.423960305041498,16.253070212585754,Consumer Cyclical,234.25,EUR,647,650,1297
372,639,SWN,-12.905662487207298,52.45346869712352,Energy,4.825,USD,238,1060,1298
1021,1634,CMG,1.6535331071060084,26.80054968340441,Consumer Cyclical,1575.43,USD,424,879,1303
608,998,WST,2.47988396923791,22.3109108464757,Healthcare,373.93,USD,514,793,1307
806,1312,ZYXI,4.619378767631133,10.636117414537734,Healthcare,7.26,USD,823,487,1310
577,935,SRE,2.9017381801776336,19.18866226754649,Utilities,135.26,USD,573,739,1312
939,1502,CNP,2.917337261581723,18.956321176301,Utilities,26.895,USD,578,736,1314
1033,1652,RGLD,4.384975754263285,11.858386404222184,Basic Materials,110.42,USD,794,523,1317
986,1577,CMP,2.44892179272747,21.938350458206056,Basic Materials,55.97,USD,520,797,1317
16,29,PUM.DE,3.424990822624771,15.614478114478114,Consumer Cyclical,90.58,EUR,669,649,1318
33,54,ED,3.6150159293604913,14.220259453491582,Utilities,81.31,USD,706,612,1318
844,1368,CIAN,-64.8573871844167,48.98553447304152,Real Estate,8.71,USD,254,1065,1319
1032,1651,EQIX,1.517152815680613,27.038072829121205,Real Estate,673.58,USD,421,901,1322
985,1575,NMTP.ME,0.298533452774288,35.69155062192378,Industrials,6.425,RUB,322,1004,1326
953,1523,APD,3.7464004540996334,13.2383453192913,Basic Materials,246.035,USD,746,590,1336
802,1307,GL,3.2868746890221616,16.019119314968076,Financial Services,105.975,USD,653,685,1338
49,80,VNDA,5.484017884781383,5.098054671362101,Healthcare,13.75,USD,964,374,1338
148,238,NWE,3.499011568933916,14.19939835779512,Utilities,57.67,USD,708,632,1340
996,1594,TXT,4.30463771486854,11.158318425760283,Industrials,72.23,USD,810,533,1343
317,540,PCAR,4.781845912920656,8.397270840397821,Industrials,94.03,USD,879,465,1344
630,1037,DAL,-7.63943041831505,41.28523247410262,Industrials,44.28,USD,290,1055,1345
824,1338,CTVA,3.297506875762967,15.625582696252096,Basic Materials,51.395,USD,668,680,1348
350,602,DXC,1.266477522645624,27.093596059113302,Technology,37.19,USD,420,928,1348
380,654,ARNC,3.7034802149812553,13.16600616468516,Industrials,32.91,USD,750,598,1348
397,678,AEE,3.181938375924493,16.226290976866572,Utilities,84.115,USD,649,700,1349
943,1509,GHC,4.68795535381299,8.779307901121868,Consumer Defensive,610.905,USD,876,473,1349
773,1258,MKTX,2.496242863189124,19.853686193260906,Financial Services,374.5,USD,559,792,1351
746,1220,IPGP,4.885663395785905,7.387631392825958,Technology,140.0,USD,903,448,1351
334,569,PRFN.ME,5.776246773634584,2.20901500094938,Industrials,1.624,RUB,1021,337,1358
450,771,ILMN,1.17651982256206,26.823134953897732,Healthcare,326.345,USD,422,937,1359
738,1206,CGNX,2.7247889549385462,18.2512562238227,Technology,64.13,USD,598,762,1360
223,370,TGKDP.ME,5.182645509286189,5.82006780061676,Utilities,0.01045,RUB,944,418,1362
795,1294,ALV.DE,1.4776366763109663,24.784368675073956,Financial Services,225.4,EUR,456,907,1363
721,1173,RYN,3.666352929148472,12.788009508238163,Real Estate,38.435,USD,764,602,1366
375,644,CNK,-7.1224853612046735,37.0628791452743,Communication Services,18.29,USD,314,1052,1366
383,659,APP,0.6137566306240249,30.06795552106392,Technology,69.07,USD,384,983,1367
677,1111,PDCO,3.468642025871639,13.565825148522748,Healthcare,30.48,USD,730,637,1367
101,145,ASH,2.234373377169388,20.32032032032032,Basic Materials,95.51,USD,552,818,1370
378,651,LITE,4.174727258789374,10.554164057608014,Technology,98.73,USD,826,544,1370
540,897,YUMC,3.828528193963098,11.929485631489978,Consumer Cyclical,52.45,USD,793,579,1372
517,860,GMED,4.379877701220578,9.812653937263144,Healthcare,68.385,USD,849,524,1373
582,943,CIEN,4.379568788935207,9.876486283081128,Technology,68.95,USD,848,525,1373
1104,1770,PRI,3.588855267389694,13.01852343474708,Financial Services,141.0,USD,757,617,1374
331,565,AMZN,1.549555898626798,23.62470356391329,Consumer Cyclical,3142.9,USD,480,895,1375
950,1518,AVA,3.207130112333429,15.255814764249992,Utilities,42.82,USD,682,694,1376
860,1393,PCG,2.4694838410593523,18.378112252074835,Utilities,11.785,USD,592,794,1386
92,131,NYT,3.1932647247189694,14.821942175692593,Communication Services,42.71,USD,691,698,1389
57,92,APTV,3.1011012963535705,15.373610652580613,Consumer Cyclical,142.83,USD,678,712,1390
669,1100,BMI,2.3555805826838823,18.839584429315927,Industrials,103.455,USD,582,809,1391
1036,1662,ACLS,4.105759216559063,10.037390380128471,Technology,71.48,USD,842,551,1393
1071,1714,OLED,3.4601890715057766,12.94288190926366,Technology,148.35,USD,758,641,1399
84,115,USM,2.693133063121504,16.681299385425813,Communication Services,31.79,USD,636,764,1400
535,885,PYPL,2.442213769924982,17.705962676376878,Financial Services,111.1112,USD,609,799,1408
347,598,XEL,2.849215120561837,15.790988916078884,Utilities,65.51,USD,661,747,1408
963,1538,CGNT,3.363899021174859,13.129007146168448,Technology,10.18,USD,751,660,1411
23,42,COO,2.7269193670725684,15.829742786264523,Healthcare,397.95,USD,658,761,1419
568,918,HIG,3.432739323050478,12.489511107185445,Financial Services,71.065,USD,775,647,1422
659,1086,LSCC,0.9946114522420392,24.07200658457677,Technology,64.11,USD,471,952,1423
263,444,SMTC,2.569101068793868,16.505865517481745,Technology,70.99,USD,643,780,1423
93,135,BRX,3.180599076293437,13.811200332163182,Real Estate,25.105,USD,721,702,1423
1045,1674,MDRX,1.5879514373724226,21.078225417425266,Healthcare,20.89,USD,538,889,1427
215,357,SFIN,-60.101796909969664,31.80027032996044,Industrials,0.004,USD,364,1064,1428
919,1473,ADM,3.753604342935315,10.034101860775449,Consumer Defensive,77.0722,USD,843,587,1430
352,606,MPW,4.352967987008148,7.416837899602184,Real Estate,20.375,USD,901,529,1430
1058,1694,LFC,1.754716448772229,19.247816182206083,Financial Services,9.01,USD,571,861,1432
989,1582,OGS,3.090278907962209,13.884201965478772,Utilities,75.14,USD,718,714,1432
924,1483,AFX.DE,2.815287425316484,15.093271685287265,Healthcare,140.1,EUR,685,751,1436
130,211,OXY,1.930488716862373,18.211250505868072,Energy,41.13,USD,599,841,1440
980,1566,YAKG.ME,2.667760154431605,15.588527146434815,Energy,135.25,RUB,670,770,1440
42,69,PAYC,0.9459001801851236,23.498041015442407,Technology,336.89,USD,487,956,1443
865,1402,NVDA,1.2734948011845182,21.865123865837496,Technology,264.0899,USD,521,926,1447
640,1050,POR,3.206030435875032,13.077207240487626,Utilities,49.98,USD,754,696,1450
449,770,MASI,3.36415060239312,11.95568370150067,Healthcare,148.14,USD,791,659,1450
740,1209,FTNT,1.0918355960775767,22.35754189944134,Technology,318.03,USD,512,943,1455
88,120,BXP,2.979810882816048,13.53340163672275,Real Estate,120.3,USD,733,727,1460
856,1386,CVX,3.6704253464342216,9.443750045156024,Energy,134.3,USD,861,601,1462
1068,1710,LYV,-1.9687487199499172,26.68684995577905,Communication Services,120.25,USD,426,1038,1464
96,139,LNT,2.8626595610663337,13.797538122358992,Utilities,56.36,USD,723,743,1466
762,1244,VNA.DE,1.3025821095793175,20.646059670214527,Real Estate,47.91,EUR,544,925,1469
910,1458,VAC,2.41279102270068,15.667311411992262,Consumer Cyclical,172.26,USD,667,802,1469
105,153,ZM,3.293632257564214,11.934125261574206,Technology,139.99,USD,792,682,1474
229,382,CUBE,2.1980749230374808,15.939827594183232,Real Estate,48.61,USD,656,821,1477
321,547,IDA,3.3788618589862027,10.668014187558674,Utilities,103.21,USD,822,656,1478
534,884,ROG,2.9390529416981206,13.200515241090477,Technology,272.65,USD,748,731,1479
393,670,AAON,2.67621127628638,14.093981218584602,Industrials,59.34,USD,712,768,1480
866,1403,CWT,2.766064014285324,13.685088330067844,Utilities,58.5672,USD,726,755,1481
241,401,CARA,4.102847666073543,6.2586393950908965,Healthcare,10.458,USD,929,554,1483
906,1449,MTRN,3.607293040273865,9.093452280760816,Basic Materials,87.05,USD,868,615,1483
761,1243,GCP,3.5350308673193678,9.285143769968052,Basic Materials,31.815,USD,863,627,1490
821,1333,Y,3.316974385829873,11.00256116247322,Financial Services,692.62,USD,814,677,1491
851,1381,ALC,1.6210414878086246,17.950546837850688,Healthcare,80.455,USD,605,887,1492
1080,1726,EXPO,2.233504414953448,15.022457397850838,Industrials,88.67,USD,687,819,1506
307,524,PCRX,3.3410658758350538,10.005795565858785,Healthcare,64.335,USD,845,664,1509
491,814,BELU.ME,3.321735545542489,10.256518794446324,Consumer Defensive,3147.0,RUB,837,676,1513
588,956,WWD,2.7839251034323094,12.8735903521714,Industrials,120.2,USD,760,753,1513
1040,1668,FSLR,4.3187930349133445,4.101636705933138,Technology,71.67,USD,988,531,1519
1073,1717,LNN,3.298884880695665,10.169648826739246,Industrials,133.0,USD,840,679,1519
579,939,WPC,2.824287184417132,12.656725953241729,Real Estate,76.435,USD,770,749,1519
29,49,IRBT,3.645126491772413,6.5736258670187135,Consumer Cyclical,64.11,USD,921,604,1525
53,85,GATX,2.761252801279365,12.594191855050378,Industrials,105.09,USD,772,756,1528
834,1356,BOSS.DE,2.286120627083024,13.957064017660043,Consumer Cyclical,57.28,EUR,717,813,1530
167,272,WPM,3.295833442182924,9.742512140436956,Basic Materials,42.5,USD,852,681,1533
293,495,TRHC,-10.774271232691191,23.93976926887961,Healthcare,7.99,USD,476,1059,1535
916,1469,EPAM,1.9333841944657748,14.658136994477006,Technology,452.55,USD,698,839,1537
420,720,CNHI,3.4977448290214883,7.238508867173363,Industrials,16.25,USD,909,633,1542
622,1017,PSN,1.961961268177192,14.1964537331447,Industrials,33.145,USD,709,836,1545
878,1430,POWI,2.934287252151364,10.975252513010869,Technology,92.27,USD,815,732,1547
731,1193,RE,3.270208331147484,9.558927374406062,Financial Services,304.44,USD,858,689,1547
407,695,MXL,0.6480880339858,19.207994286581904,Technology,63.1199,USD,572,979,1551
127,203,BKNG,1.4885716721673727,16.226700728545747,Consumer Cyclical,2656.08,USD,648,904,1552
132,215,PFGC,1.6022230780482447,15.54022450888681,Consumer Defensive,52.92,USD,672,888,1560
714,1157,QLYS,1.706400963923109,14.95112071293546,Technology,120.01,USD,689,872,1561
194,322,PEG,2.443360625686689,12.739206073066583,Utilities,64.05,USD,765,798,1563
722,1174,DOCU,-0.2269153806869273,21.188923646296868,Technology,120.1038,USD,534,1029,1563
391,668,CVLT,1.6242727227468932,15.360112396974488,Technology,64.58,USD,679,885,1564
702,1127,MMSI,1.9669854826529936,13.257399115717575,Healthcare,58.16,USD,744,835,1579
282,479,PXD,2.975429929764402,9.628966946040116,Energy,225.1,USD,855,728,1583
615,1009,ATRI,2.912682946333718,9.945933801311762,Healthcare,655.0,USD,846,737,1583
254,430,SRC,3.0535879918483144,8.817060860120712,Real Estate,47.129,USD,875,718,1593
1103,1769,FORM,2.6901664413197848,10.545625128492292,Technology,43.28,USD,827,766,1593
367,630,KMPR,2.1151291285575016,12.70718232044199,Financial Services,50.47,USD,767,827,1594
631,1038,DLO,1.2423896943952228,15.740429172995944,Technology,32.945,USD,665,930,1595
508,841,PRU,0.9846286780011558,16.336551418603364,Financial Services,117.455,USD,646,953,1599
346,595,HGV,2.4208598782069606,11.638769949396652,Consumer Cyclical,54.09,USD,799,801,1600
1069,1711,PAY,3.5931613664025828,4.262469394893319,Technology,30.31,USD,984,616,1600
217,359,NSSC,2.59092113758088,10.576551012511286,Industrials,20.2,USD,825,778,1603
800,1303,STOR,3.1301948462912383,7.513510522250194,Real Estate,30.765,USD,898,706,1604
575,933,RGEN,1.570666707739637,14.034441927979124,Healthcare,179.97,USD,714,891,1605
792,1289,NATI,2.265080690682287,12.034034023028944,Technology,41.08,USD,790,816,1606
606,990,XOM,2.85697675562428,9.235974281862491,Energy,78.98,USD,864,745,1609
268,451,HQY,1.0174731922497104,15.826684319942396,Healthcare,57.16,USD,660,949,1609
583,944,DLR,1.4273672654810603,14.676671816376077,Real Estate,134.335,USD,697,912,1609
444,759,NTUS,3.104946784094558,7.420202127570301,Healthcare,22.9676,USD,900,710,1610
654,1077,ALB,1.7138567670806677,13.244466012451117,Basic Materials,242.775,USD,745,867,1612
516,854,PCTY,0.4452979953879504,17.423845560758334,Technology,205.13,USD,619,993,1612
1031,1650,TGKD.ME,3.3273166647234933,5.82006780061676,Utilities,0.0126,RUB,943,670,1613
83,112,MSTR,1.0018747557819905,15.757013130021283,Technology,421.75,USD,663,950,1613
591,961,NUVA,1.7576404107253227,13.089562020021267,Healthcare,52.58,USD,753,860,1613
949,1517,ABMD,1.7897895133954078,12.891890721397834,Healthcare,323.81,USD,759,855,1614
571,927,XLNX,1.690733690851756,13.500112553511572,Technology,194.92,USD,737,877,1614
625,1025,ICUI,3.234830956516457,6.530922662985474,Healthcare,220.95,USD,923,692,1615
323,549,COUP,-2.261294683413434,18.89083620727929,Technology,125.84,USD,581,1039,1620
839,1361,EXEL,3.325344468299215,5.66123158136079,Healthcare,19.25,USD,949,671,1620
309,529,ANET,2.116388717912612,11.770803948147847,Technology,127.37,USD,797,826,1623
250,423,NBIX,2.5216248758976447,10.142064164079406,Healthcare,86.33,USD,841,789,1630
415,710,VOYA,1.82442950684491,12.268386254183332,Financial Services,72.245,USD,784,851,1635
646,1061,AMP,1.8052914619045024,12.210326125237726,Financial Services,310.694,USD,785,853,1638
1113,1785,REG,2.7514188499685512,7.851432574894406,Real Estate,67.27,USD,889,759,1648
651,1071,GNL,3.058088500639801,6.150251201243456,Real Estate,14.28,USD,932,717,1649
838,1360,STNE,3.1396871029191558,5.779837500072389,Technology,12.48,USD,945,705,1650
353,608,ONTO,2.674097414488513,8.115127186051833,Technology,91.025,USD,884,769,1653
719,1169,LSI,2.4070615490587186,9.597407732536889,Real Estate,129.41,USD,857,803,1660
616,1010,EXPI,0.9280557563528932,14.211269783262589,Real Estate,28.9,USD,707,957,1664
17,31,MET,1.078401107456482,13.81521473250166,Financial Services,71.14,USD,720,945,1665
361,621,EEFT,2.348162178700297,9.626934316365798,Technology,140.955,USD,856,810,1666
1060,1701,ISRG,1.7143233933335629,11.377875220680558,Healthcare,291.14,USD,803,866,1669
129,208,NEE,1.1766512099748476,13.527078055542278,Utilities,74.8,USD,734,936,1670
189,309,CHX,2.0628311579037737,9.72227894308611,Energy,22.09,USD,853,830,1683
0,0,IDCC,2.69084202876153,6.6729420496728125,Communication Services,67.42,USD,918,765,1683
432,742,MSEX,1.575155366677512,11.845831199079935,Utilities,95.705,USD,796,890,1686
864,1401,BIO,3.2577763361408567,3.717020132005505,Healthcare,614.83,USD,998,691,1689
494,819,MPC,2.638351641357384,6.780434140975074,Energy,78.49,USD,917,772,1689
911,1459,TPIC,0.8029450408084498,13.572575682531108,Industrials,11.16,USD,729,962,1691
1065,1706,GVA,2.880159150155317,5.495584864225331,Industrials,36.22,USD,954,741,1695
214,354,PINS,2.58537163687575,6.620727025397252,Communication Services,25.57,USD,919,779,1698
1061,1702,MIME,0.9970774036534902,13.10297631196648,Technology,79.74,USD,752,951,1703
363,624,VEEV,1.566926413617421,11.13444407964344,Healthcare,226.45,USD,811,893,1704
337,575,IIPR,2.35972262588085,7.524588258576441,Real Estate,192.74,USD,896,808,1704
1120,1798,AFLT.ME,-2.3876474245220773,15.753560680513898,Industrials,60.5,RUB,664,1041,1705
526,874,COHR,1.939607021010612,8.930052923338168,Technology,264.51,USD,871,838,1709
366,627,MTX.DE,1.6927847512665597,10.344827586206897,Industrials,210.6,EUR,833,876,1709
253,426,JJSF,2.45427365629792,6.8182865634861285,Consumer Defensive,155.08,USD,915,796,1711
164,269,MRKV.ME,3.227960574563258,2.4049485515867857,Utilities,0.0461,RUB,1018,693,1711
952,1522,GLOB,1.2723650918441651,12.106568467261742,Technology,269.07,USD,786,927,1713
1100,1763,ENPH,1.1228181308368246,12.571360354738705,Technology,154.03,USD,773,941,1714
666,1094,ALE,2.234970800498525,7.441577533329954,Utilities,59.91,USD,899,817,1716
841,1365,LGND,1.7218690708322757,9.685343315007604,Healthcare,123.41,USD,854,865,1719
796,1295,EGP,1.5279305009164237,10.714172992844444,Real Estate,190.89,USD,821,898,1719
443,757,FTI,2.7600609529544715,5.265323803335499,Energy,6.895,USD,962,757,1719
899,1437,VSMO.ME,2.524251261598001,6.129269860388427,Basic Materials,49500.0,RUB,933,788,1721
80,109,TSLA,0.491222376752118,13.526570048309178,Consumer Cyclical,906.275,USD,735,990,1725
747,1222,DOCS,2.511000265974978,6.128184005811051,Healthcare,58.27,USD,934,791,1725
430,736,QNST,2.2729434182209194,6.852242502063652,Communication Services,11.45,USD,914,815,1729
151,244,ROLL,2.9448042927075906,3.323613055060393,Industrials,181.645,USD,1000,730,1730
907,1450,VC,1.7401225568316776,9.011264080100124,Consumer Cyclical,106.0,USD,869,863,1732
376,647,MRVL,-0.3713159508909261,14.413093893434562,Technology,71.23,USD,702,1031,1733
1067,1709,VZIO,1.99351679675806,7.320786220274268,Technology,13.84,USD,905,832,1737
1044,1673,VICR,1.808413079004527,8.112229423075318,Technology,104.83,USD,885,852,1737
340,581,FR,1.8269735761741643,8.034433420164593,Real Estate,57.73,USD,887,850,1737
680,1114,KALU,2.5257122721411616,5.627113765560912,Basic Materials,105.635,USD,951,787,1738
328,555,O,1.8382840634979731,7.525674582442197,Real Estate,66.98,USD,895,849,1744
102,147,MPWR,1.076550952969315,11.640498892860064,Technology,465.2,USD,798,946,1744
364,625,COLD,1.4379756480581225,10.34158290237401,Real Estate,28.19,USD,834,911,1745
789,1285,GDEV,-2.543870726387367,14.11598914063587,Communication Services,7.7725,USD,711,1042,1753
31,52,ALRM,2.095384997278786,6.268467253485041,Technology,71.94,USD,927,828,1755
727,1184,PFG,0.6903367349856747,12.30496200481193,Financial Services,75.5,USD,782,974,1756
751,1226,WHD,1.9098860204937096,6.816532359710492,Energy,50.2,USD,916,845,1761
276,461,PGNY,1.0750369944854403,10.945358970812007,Healthcare,40.47,USD,816,947,1763
511,844,CNTLP.ME,2.933360810281332,1.522643162072802,Communication Services,8.18,RUB,1034,733,1767
1070,1712,NFE,0.7198004833864068,11.463447328295436,Utilities,23.92,USD,802,972,1774
967,1545,ESS,1.6302714073370688,7.61944701329534,Real Estate,319.53,USD,894,882,1776
273,458,MAA,1.526319742381976,8.134703687562178,Real Estate,207.13,USD,883,899,1782
973,1556,SPSC,1.1565001188505837,10.03369743134784,Technology,130.16,USD,844,939,1783
81,110,HE,2.18647801741698,5.046021091229479,Utilities,40.0,USD,966,822,1788
22,38,TTD,0.7435366155682873,10.733074734590524,Technology,76.599,USD,820,970,1790
589,959,NEOG,1.7905702371370829,6.043297551725888,Healthcare,35.93,USD,936,854,1790
819,1331,STAG,1.7381241317653773,6.238190680554911,Real Estate,39.8572,USD,930,864,1794
306,521,KRC,2.122723467356201,4.678107746150216,Real Estate,70.81,USD,971,825,1796
209,347,PRLB,1.7680844248113836,5.994462622703247,Industrials,58.93,USD,939,858,1797
566,914,RPD,-1.3941395986028735,12.799496814737092,Technology,95.49,USD,762,1035,1797
220,364,HTA,1.7466463358228943,6.0179597153376125,Real Estate,30.72,USD,938,862,1800
52,83,VNO,2.1292959260479827,4.506082196604064,Real Estate,44.15,USD,977,824,1801
944,1510,OII,2.20856778231207,4.390786699055626,Energy,14.87,USD,981,820,1801
324,551,ATNI,1.886062663033048,5.370222057172003,Communication Services,34.76,USD,959,847,1806
1049,1682,DWNI.DE,1.972720825447721,4.57977670680304,Real Estate,36.8,EUR,974,834,1808
572,929,SEDG,1.262474728261452,8.389358638159267,Technology,260.91,USD,880,929,1809
44,72,DY,1.918500324696944,5.076682736725403,Industrials,93.04,USD,965,844,1809
1121,1800,UNM,1.921058555260788,5.00609527755424,Financial Services,29.61,USD,968,843,1811
734,1201,MP,1.7039185140604447,5.977912775003342,Basic Materials,43.785,USD,940,874,1814
1043,1671,ACMR,1.4784739329931575,7.247771298732915,Technology,85.87,USD,908,906,1814
553,1387,RUAL.ME,0.0970671367517066,11.581350425849504,Basic Materials,88.955,RUB,800,1019,1819
545,906,RUAL.ME,0.0970671367517066,11.581350425849504,Basic Materials,88.955,RUB,800,1019,1819
546,906,RUAL.ME,0.0970671367517066,11.581350425849504,Basic Materials,88.955,RUB,800,1020,1820
557,1387,RUAL.ME,0.0970671367517066,11.581350425849504,Basic Materials,88.955,RUB,801,1019,1820
554,1387,RUAL.ME,0.0970671367517066,11.581350425849504,Basic Materials,88.955,RUB,800,1020,1820
549,906,RUAL.ME,0.0970671367517066,11.581350425849504,Basic Materials,88.955,RUB,801,1019,1820
547,906,RUAL.ME,0.0970671367517066,11.581350425849504,Basic Materials,88.955,RUB,800,1021,1821
558,1387,RUAL.ME,0.0970671367517066,11.581350425849504,Basic Materials,88.955,RUB,801,1020,1821
555,1387,RUAL.ME,0.0970671367517066,11.581350425849504,Basic Materials,88.955,RUB,800,1021,1821
550,906,RUAL.ME,0.0970671367517066,11.581350425849504,Basic Materials,88.955,RUB,801,1020,1821
559,1387,RUAL.ME,0.0970671367517066,11.581350425849504,Basic Materials,88.955,RUB,801,1021,1822
548,906,RUAL.ME,0.0970671367517066,11.581350425849504,Basic Materials,88.955,RUB,800,1022,1822
551,906,RUAL.ME,0.0970671367517066,11.581350425849504,Basic Materials,88.955,RUB,801,1021,1822
556,1387,RUAL.ME,0.0970671367517066,11.581350425849504,Basic Materials,88.955,RUB,800,1022,1822
552,906,RUAL.ME,0.0970671367517066,11.581350425849504,Basic Materials,88.955,RUB,801,1022,1823
560,1387,RUAL.ME,0.0970671367517066,11.581350425849504,Basic Materials,88.955,RUB,801,1022,1823
336,571,MANU,-3.2203996578933025,12.293030168704858,Communication Services,13.65,USD,783,1045,1828
242,402,ROKU,1.5487857125607325,6.104251199566445,Communication Services,161.06,USD,935,896,1831
297,506,RGA,1.1836223048279562,7.515419173075459,Financial Services,116.14,USD,897,935,1832
121,189,NWLI,1.9282255076910824,3.9327127302614153,Financial Services,211.05,USD,993,842,1835
269,452,INVH,1.6254811464054548,5.501079452614486,Real Estate,40.24,USD,953,884,1837
279,471,MLKN,1.6347881003465004,5.329765289624798,Consumer Cyclical,41.11,USD,961,881,1842
570,924,CHGG,1.8674253851171871,3.728100249650887,Consumer Defensive,29.64,USD,997,848,1845
685,1122,TCX,-0.6263955548450882,11.072903349057295,Technology,77.43,USD,813,1033,1846
753,1229,ANDE,1.7611808116090937,4.02393381676841,Consumer Defensive,39.37,USD,989,859,1848
647,1062,AVB,1.4872142125729046,5.707269361331626,Real Estate,237.22,USD,946,905,1851
1098,1761,KIM,1.7859808311194223,3.847837073653512,Real Estate,24.27,USD,996,856,1852
632,1039,ANIP,0.9772616473516768,7.252363238159654,Healthcare,39.49,USD,907,954,1861
810,1317,PEAK,1.3574273977782725,5.851308727829966,Real Estate,32.0185,USD,941,921,1862
1063,1704,DXCM,0.8942640139417252,7.369114388934353,Healthcare,413.63,USD,904,959,1863
289,488,VTR,1.4628156274823974,5.47296291788212,Real Estate,52.08,USD,956,908,1864
774,1260,PLD,1.4131555654141712,5.539526914461555,Real Estate,144.23,USD,952,914,1866
89,121,CSGP,1.442714021905479,5.377913348800657,Real Estate,66.585,USD,958,910,1868
454,776,SLG,1.7114173352678526,3.3096322406613887,Real Estate,80.85,USD,1001,868,1869
462,945,SLG,1.7114725084333833,3.3096322406613887,Real Estate,80.845,USD,1001,868,1869
455,776,SLG,1.7114173352678526,3.3096322406613887,Real Estate,80.85,USD,1001,869,1870
458,776,SLG,1.7114173352678526,3.3096322406613887,Real Estate,80.85,USD,1002,868,1870
463,945,SLG,1.7114725084333833,3.3096322406613887,Real Estate,80.845,USD,1001,869,1870
466,945,SLG,1.7114725084333833,3.3096322406613887,Real Estate,80.845,USD,1002,868,1870
825,1339,DRE,1.407812144899658,5.483818820076179,Real Estate,53.92,USD,955,916,1871
456,776,SLG,1.7114173352678526,3.3096322406613887,Real Estate,80.85,USD,1001,870,1871
467,945,SLG,1.7114725084333833,3.3096322406613887,Real Estate,80.845,USD,1002,869,1871
459,776,SLG,1.7114173352678526,3.3096322406613887,Real Estate,80.85,USD,1002,869,1871
522,869,MSGS,-1.6950923770621364,10.284846346069472,Communication Services,180.95,USD,835,1036,1871
464,945,SLG,1.7114725084333833,3.3096322406613887,Real Estate,80.845,USD,1001,870,1871
460,776,SLG,1.7114173352678526,3.3096322406613887,Real Estate,80.85,USD,1002,870,1872
468,945,SLG,1.7114725084333833,3.3096322406613887,Real Estate,80.845,USD,1002,870,1872
457,776,SLG,1.7114173352678526,3.3096322406613887,Real Estate,80.85,USD,1001,871,1872
465,945,SLG,1.7114725084333833,3.3096322406613887,Real Estate,80.845,USD,1001,871,1872
461,776,SLG,1.7114173352678526,3.3096322406613887,Real Estate,80.85,USD,1002,871,1873
469,945,SLG,1.7114725084333833,3.3096322406613887,Real Estate,80.845,USD,1002,871,1873
264,447,F,1.17064736684536,5.844703638497652,Consumer Cyclical,18.02,USD,942,938,1880
848,1375,STAA,0.8772953684035886,6.455295655901379,Healthcare,74.3,USD,924,961,1885
628,1029,FLR,1.6234706530165763,3.3696479335659077,Industrials,21.47,USD,999,886,1885
941,1506,AIRC,0.7691825457961152,6.591736448714708,Real Estate,52.75,USD,920,968,1888
216,358,TRNO,1.4133787533812467,4.559849525021488,Real Estate,68.5388,USD,976,913,1889
1055,1689,SLP,1.46095572267353,4.395342569554842,Healthcare,39.32,USD,980,909,1889
940,1505,CPT,1.1127039596037251,5.62747296020492,Real Estate,164.35,USD,950,942,1892
35,58,NOW,0.2000912849249693,8.111223799864774,Technology,579.73,USD,886,1010,1896
1000,1602,AVNS,1.409682120754185,4.114459871317305,Healthcare,30.83,USD,987,915,1902
828,1344,YELP,1.5371678279270524,3.185987786665628,Communication Services,36.72,USD,1007,897,1904
416,713,WELL,1.3935894669407405,4.157677809247235,Real Estate,83.17,USD,986,918,1904
732,1198,MAC,1.3464457160415375,4.291989897268095,Real Estate,16.54,USD,983,922,1905
308,526,VSAT,1.398220949569055,3.981568413740185,Technology,44.78,USD,991,917,1908
406,694,GE,0.8887148986098792,5.341574229462568,Industrials,101.085,USD,960,960,1920
390,667,GBX,1.4956329809603388,2.0318154710846423,Industrials,43.72,USD,1024,903,1927
261,442,AIR,1.5116964504279515,2.023006743355811,Industrials,43.54,USD,1025,902,1927
447,768,NARI,0.632965186259973,5.688321285882543,Healthcare,77.97,USD,947,981,1928
597,972,ARE,1.342309894495558,3.238271700526181,Real Estate,185.1,USD,1006,923,1929
1010,1617,UPST,0.7911342877341956,5.109249733474761,Financial Services,148.01,USD,963,966,1929
655,1080,AVAV,1.0551686976453571,4.354127708260223,Industrials,60.31,USD,982,948,1930
348,600,KTOS,1.2232899610586594,2.946574225122349,Industrials,17.03,USD,1009,932,1941
958,1532,KEX,1.1848956581225585,2.773961886813812,Industrials,67.995,USD,1012,934,1946
285,484,SQ,0.6535054052793717,4.621561179749062,Technology,111.275,USD,972,976,1948
439,751,SBRA,1.3123660157715795,1.8586554364479604,Real Estate,13.695,USD,1027,924,1951
745,1218,FIGS,0.6907522883368451,4.486060674304911,Consumer Cyclical,19.015,USD,978,973,1951
671,1102,RASP,-9.246045395584767,7.636270539496345,Healthcare,0.027,USD,893,1058,1951
947,1514,TWTR,1.0870319268204325,2.890997153890766,Communication Services,36.2,USD,1010,944,1954
257,438,EGRX,1.1334220922643516,2.5824180083251296,Healthcare,47.75,USD,1015,940,1955
934,1495,PANW,-0.5318244101491311,6.352705410821644,Technology,526.74,USD,926,1032,1958
756,1233,EVT.DE,0.7929424960350299,3.930587787694014,Healthcare,28.25,EUR,994,965,1959
240,399,CCJ,1.1905928002695585,1.8337458931820136,Energy,21.975,USD,1028,933,1961
119,187,ANAB,1.3803466375025228,1.0259380300335086,Healthcare,30.84,USD,1042,919,1961
1030,1649,SRDX,0.6526962298462405,4.2456445102947935,Healthcare,43.88,USD,985,977,1962
246,411,PODD,0.3886490419189173,4.602454642475987,Healthcare,248.08,USD,973,996,1969
74,96,MLAB,0.9255407695107448,2.7499261717596437,Technology,255.74,USD,1013,958,1971
11,19,JD,1.2378796500038352,1.2194338441984724,Consumer Cyclical,76.13,USD,1040,931,1971
21,36,ALTR,0.6446409083571154,3.966486772087406,Technology,61.85,USD,992,980,1972
203,340,FLOT.ME,0.1380140684201747,5.467843837615701,Industrials,68.32,RUB,957,1015,1972
150,240,KRG,0.7654404014265905,3.2887806981894183,Real Estate,22.19,USD,1003,969,1972
861,1395,PEN,0.5598383990051469,4.015696885919316,Healthcare,229.34,USD,990,987,1977
914,1464,MUR,0.8015980488863912,2.355617389167183,Energy,32.38,USD,1019,963,1982
222,367,MGNT,-8.948902933364963,6.232699473755892,Industrials,0.0088,USD,931,1057,1988
1114,1789,CNTL.ME,0.9643800644812917,1.522643162072802,Communication Services,11.52,RUB,1033,955,1988
205,342,HXL,0.6774190764093426,2.531801901938989,Industrials,56.975,USD,1016,975,1991
479,797,IRDM,0.6491585307243466,2.5841628999458304,Communication Services,35.39,USD,1014,978,1992
144,234,MRO,0.7979659668083019,1.6705336426914157,Energy,21.4214,USD,1029,964,1993
858,1389,SHEN,0.7810413232110528,1.5336723539755717,Communication Services,22.57,USD,1032,967,1999
1107,1774,SHOP,0.5462709108719769,2.489778464913718,Technology,746.85,USD,1017,989,2006
968,1547,TNDM,0.3662226287328857,2.788133286371739,Healthcare,117.34,USD,1011,999,2010
128,205,EXPE,-0.7756815717014872,4.396024464831804,Consumer Cyclical,213.46,USD,979,1034,2013
923,1481,OSUR,0.7393575707016251,0.7185470439464571,Healthcare,8.585,USD,1045,971,2016
379,652,CEVA,0.5465400854449781,1.609945779499256,Technology,41.71,USD,1030,988,2018
476,792,DV,0.3775614467548694,2.0730792792412176,Technology,27.77,USD,1023,997,2020
162,264,SITM,0.3269256040950026,2.26420652129444,Technology,216.88,USD,1020,1001,2021
784,1278,TCMD,0.4630788476284118,1.5370287955957738,Healthcare,15.53,USD,1031,991,2022
946,1512,DNLI,0.5823260768001598,1.263846915995997,Healthcare,35.43,USD,1038,985,2023
592,962,APLE,0.5729318292670684,1.003905333852284,Real Estate,17.675,USD,1043,986,2029
817,1328,DNOW,0.5908319134903912,0.6244424620874219,Energy,9.875,USD,1047,984,2031
580,941,CVGW,0.3027677334094456,1.2582371412144533,Consumer Defensive,40.9,USD,1039,1002,2041
596,971,SPOT,0.1215678947145936,1.9052044609665424,Communication Services,163.745,USD,1026,1016,2042
954,1524,OFIX,0.3774672236777504,0.6557054732237214,Healthcare,33.12,USD,1046,998,2044
278,470,CONE,0.2449907680240245,1.3445554236222672,Real Estate,89.825,USD,1037,1008,2045
1109,1777,LTHM,0.2888598681622559,1.0829043138647256,Basic Materials,25.08,USD,1041,1005,2046
781,1269,BAND,0.1458497789228478,1.4127943555635447,Technology,59.33,USD,1036,1014,2050
930,1489,VLO,0.2417017364043775,0.7561608891723226,Energy,88.24,USD,1044,1009,2053
617,1011,INGN,0.2462182521389457,0.2488228161073402,Healthcare,30.68,USD,1050,1007,2057
137,225,RUGR.ME,-1.889613263077356,2.183641409411623,Consumer Defensive,11.928,RUB,1022,1037,2059
621,1015,RIG,0.1686319112439768,0.1548492257538712,Energy,3.75,USD,1053,1012,2065
1074,1719,MRC,0.1172316788607563,0.5524861878453038,Energy,8.71,USD,1048,1017,2065
503,834,HHC,0.1112232970893199,0.2444086613416958,Real Estate,96.85,USD,1051,1018,2069
1090,1746,JOBS,-17.969021269931442,3.028433154840058,Industrials,49.81,USD,1008,1061,2069
1023,1640,AVIR,-77.1108553187423,3.255657093498838,Healthcare,6.36,USD,1005,1066,2071
472,782,AZTA,0.0503065320528099,0.3048863506401796,Healthcare,85.57,USD,1049,1024,2073
763,1245,HSKA,0.071502528810429,0.182020732236929,Healthcare,131.53,USD,1052,1023,2075
1093,1753,DASB.ME,-2.718240501986752,1.4216245509204335,Utilities,0.1057,RUB,1035,1043,2078
823,1335,VCRA,0.0120793805454666,0.1340873947035479,Technology,79.2,USD,1054,1027,2081
915,1465,SRI,0.0255055609562006,0.0451816301532159,Consumer Cyclical,15.7,USD,1057,1025,2082
620,1014,VCEL,0.01725102267451,0.1039243826396793,Healthcare,36.13,USD,1056,1026,2082
929,1488,HTHT,0.0016211293942725,0.1067235859124866,Consumer Cyclical,45.3,USD,1055,1028,2083
